Workbook

Sheet 2025 Team
A1: Team | B1: ABB | C1: Pass Plays | D1: Run Plays | E1: Total Plays | F1: Pass % | G1: Run %
A2: Arizona Cardinals | B2: ARI | C2: 649 | D2: 366 | E2: =SUM(C2:D2) -> 1015 | F2: =C2/E2 -> 0.63940887 | G2: =D2/E2 -> 0.36059113
A3: Atlanta Falcons | B3: ATL | C3: 545 | D3: 477 | E3: =SUM(C3:D3) -> 1022 | F3: =C3/E3 -> 0.5332681 | G3: =D3/E3 -> 0.4667319
A4: Baltimore Ravens | B4: BAL | C4: 422 | D4: 507 | E4: =SUM(C4:D4) -> 929 | F4: =C4/E4 -> 0.45425188 | G4: =D4/E4 -> 0.54574812
A5: Buffalo Bills | B5: BUF | C5: 495 | D5: 547 | E5: =SUM(C5:D5) -> 1042 | F5: =C5/E5 -> 0.47504798 | G5: =D5/E5 -> 0.52495202
A6: Carolina Panthers | B6: CAR | C6: 515 | D6: 461 | E6: =SUM(C6:D6) -> 976 | F6: =C6/E6 -> 0.52766393 | G6: =D6/E6 -> 0.47233607
A7: Chicago Bears | B7: CHI | C7: 574 | D7: 505 | E7: =SUM(C7:D7) -> 1079 | F7: =C7/E7 -> 0.53197405 | G7: =D7/E7 -> 0.46802595
A8: Cincinnati Bengals | B8: CIN | C8: 640 | D8: 381 | E8: =SUM(C8:D8) -> 1021 | F8: =C8/E8 -> 0.62683643 | G8: =D8/E8 -> 0.37316357
A9: Cleveland Browns | B9: CLE | C9: 558 | D9: 421 | E9: =SUM(C9:D9) -> 979 | F9: =C9/E9 -> 0.56996936 | G9: =D9/E9 -> 0.43003064
A10: Dallas Cowboys | B10: DAL | C10: 624 | D10: 465 | E10: =SUM(C10:D10) -> 1089 | F10: =C10/E10 -> 0.57300275 | G10: =D10/E10 -> 0.42699725
A11: Denver Broncos | B11: DEN | C11: 613 | D11: 456 | E11: =SUM(C11:D11) -> 1069 | F11: =C11/E11 -> 0.57343312 | G11: =D11/E11 -> 0.42656688
A12: Detroit Lions | B12: DET | C12: 582 | D12: 442 | E12: =SUM(C12:D12) -> 1024 | F12: =C12/E12 -> 0.56835938 | G12: =D12/E12 -> 0.43164062
A13: Green Bay Packers | B13: GNB | C13: 489 | D13: 492 | E13: =SUM(C13:D13) -> 981 | F13: =C13/E13 -> 0.49847095 | G13: =D13/E13 -> 0.50152905
... A33: Washington Commanders | B33: WAS | C33: 469 | D33: 484 | E33: =SUM(C33:D33) -> 953 | F33: =C33/E33 -> 0.49213012 | G33: =D33/E33 -> 0.50786988

Sheet 2024 Team
A1: Team | B1: ABB | C1: Pass Plays | D1: Run Plays | E1: Total Plays | F1: Pass % | G1: Run %
A2: Detroit Lions | B2: DET | C2: 551 | D2: 534 | E2: =SUM(C2:D2) -> 1085 | F2: =C2/E2 -> 0.5078341 | G2: =D2/E2 -> 0.4921659
A3: Buffalo Bills | B3: BUF | C3: 520 | D3: 491 | E3: =SUM(C3:D3) -> 1011 | F3: =C3/E3 -> 0.51434224 | G3: =D3/E3 -> 0.48565776
A4: Baltimore Ravens | B4: BAL | C4: 477 | D4: 554 | E4: =SUM(C4:D4) -> 1031 | F4: =C4/E4 -> 0.46265761 | G4: =D4/E4 -> 0.53734239
A5: Tampa Bay Buccaneers | B5: TAM | C5: 571 | D5: 483 | E5: =SUM(C5:D5) -> 1054 | F5: =C5/E5 -> 0.54174573 | G5: =D5/E5 -> 0.45825427
A6: Washington Commanders | B6: WAS | C6: 525 | D6: 526 | E6: =SUM(C6:D6) -> 1051 | F6: =C6/E6 -> 0.49952426 | G6: =D6/E6 -> 0.50047574
A7: Cincinnati Bengals | B7: CIN | C7: 652 | D7: 380 | E7: =SUM(C7:D7) -> 1032 | F7: =C7/E7 -> 0.63178295 | G7: =D7/E7 -> 0.36821705
A8: Philadelphia Eagles | B8: PHI | C8: 448 | D8: 621 | E8: =SUM(C8:D8) -> 1069 | F8: =C8/E8 -> 0.41908326 | G8: =D8/E8 -> 0.58091674
A9: Green Bay Packers | B9: GNB | C9: 479 | D9: 526 | E9: =SUM(C9:D9) -> 1005 | F9: =C9/E9 -> 0.47661692 | G9: =D9/E9 -> 0.52338308
A10: Minnesota Vikings | B10: MIN | C10: 548 | D10: 457 | E10: =SUM(C10:D10) -> 1005 | F10: =C10/E10 -> 0.54527363 | G10: =D10/E10 -> 0.45472637
A11: Denver Broncos | B11: DEN | C11: 570 | D11: 461 | E11: =SUM(C11:D11) -> 1031 | F11: =C11/E11 -> 0.5528613 | G11: =D11/E11 -> 0.4471387
A12: Los Angeles Chargers | B12: LAC | C12: 510 | D12: 463 | E12: =SUM(C12:D12) -> 973 | F12: =C12/E12 -> 0.52415211 | G12: =D12/E12 -> 0.47584789
A13: Arizona Cardinals | B13: ARI | C13: 543 | D13: 463 | E13: =SUM(C13:D13) -> 1006 | F13: =C13/E13 -> 0.53976143 | G13: =D13/E13 -> 0.46023857
... A33: Cleveland Browns | B33: CLE | C33: 661 | D33: 391 | E33: =SUM(C33:D33) -> 1052 | F33: =C33/E33 -> 0.628327 | G33: =D33/E33 -> 0.371673

Sheet 2023 Team
A1: Team | B1: ABB | C1: Pass Plays | D1: Run Plays | E1: Total Plays | F1: Pass % | G1: Run %
A2: Dallas Cowboys | B2: DAL | C2: 614 | D2: 468 | E2: =SUM(C2:D2) -> 1082 | F2: =C2/E2 -> 0.56746765 | G2: =D2/E2 -> 0.43253235
A3: Miami Dolphins | B3: MIA | C3: 566 | D3: 456 | E3: =SUM(C3:D3) -> 1022 | F3: =C3/E3 -> 0.55381605 | G3: =D3/E3 -> 0.44618395
A4: San Francisco 49ers | B4: SFO | C4: 491 | D4: 499 | E4: =SUM(C4:D4) -> 990 | F4: =C4/E4 -> 0.4959596 | G4: =D4/E4 -> 0.5040404
A5: Baltimore Ravens | B5: BAL | C5: 494 | D5: 541 | E5: =SUM(C5:D5) -> 1035 | F5: =C5/E5 -> 0.47729469 | G5: =D5/E5 -> 0.52270531
A6: Detroit Lions | B6: DET | C6: 606 | D6: 500 | E6: =SUM(C6:D6) -> 1106 | F6: =C6/E6 -> 0.54792043 | G6: =D6/E6 -> 0.45207957
A7: Buffalo Bills | B7: BUF | C7: 579 | D7: 512 | E7: =SUM(C7:D7) -> 1091 | F7: =C7/E7 -> 0.53070577 | G7: =D7/E7 -> 0.46929423
A8: Philadelphia Eagles | B8: PHI | C8: 563 | D8: 510 | E8: =SUM(C8:D8) -> 1073 | F8: =C8/E8 -> 0.52469711 | G8: =D8/E8 -> 0.47530289
A9: Los Angeles Rams | B9: LAR | C9: 583 | D9: 477 | E9: =SUM(C9:D9) -> 1060 | F9: =C9/E9 -> 0.55 | G9: =D9/E9 -> 0.45
A10: New Orleans Saints | B10: NOR | C10: 606 | D10: 480 | E10: =SUM(C10:D10) -> 1086 | F10: =C10/E10 -> 0.55801105 | G10: =D10/E10 -> 0.44198895
A11: Indianapolis Colts | B11: IND | C11: 574 | D11: 479 | E11: =SUM(C11:D11) -> 1053 | F11: =C11/E11 -> 0.54510921 | G11: =D11/E11 -> 0.45489079
A12: Cleveland Browns | B12: CLE | C12: 624 | D12: 518 | E12: =SUM(C12:D12) -> 1142 | F12: =C12/E12 -> 0.54640981 | G12: =D12/E12 -> 0.45359019
A13: Green Bay Packers | B13: GNB | C13: 581 | D13: 441 | E13: =SUM(C13:D13) -> 1022 | F13: =C13/E13 -> 0.56849315 | G13: =D13/E13 -> 0.43150685
... A33: Carolina Panthers | B33: CAR | C33: 586 | D33: 445 | E33: =SUM(C33:D33) -> 1031 | F33: =C33/E33 -> 0.56838021 | G33: =D33/E33 -> 0.43161979

Sheet 2022 Team
A1: Team | B1: ABB | C1: Pass Plays | D1: Run Plays | E1: Total Plays | F1: Pass % | G1: Run %
A2: Kansas City Chiefs | B2: KAN | C2: 651 | D2: 417 | E2: =SUM(C2:D2) -> 1068 | F2: =C2/E2 -> 0.60955056 | G2: =D2/E2 -> 0.39044944
A3: Philadelphia Eagles | B3: PHI | C3: 536 | D3: 544 | E3: =SUM(C3:D3) -> 1080 | F3: =C3/E3 -> 0.4962963 | G3: =D3/E3 -> 0.5037037
A4: Dallas Cowboys | B4: DAL | C4: 556 | D4: 531 | E4: =SUM(C4:D4) -> 1087 | F4: =C4/E4 -> 0.51149954 | G4: =D4/E4 -> 0.48850046
A5: Buffalo Bills | B5: BUF | C5: 574 | D5: 430 | E5: =SUM(C5:D5) -> 1004 | F5: =C5/E5 -> 0.57171315 | G5: =D5/E5 -> 0.42828685
A6: Detroit Lions | B6: DET | C6: 588 | D6: 480 | E6: =SUM(C6:D6) -> 1068 | F6: =C6/E6 -> 0.5505618 | G6: =D6/E6 -> 0.4494382
A7: San Francisco 49ers | B7: SFO | C7: 512 | D7: 504 | E7: =SUM(C7:D7) -> 1016 | F7: =C7/E7 -> 0.50393701 | G7: =D7/E7 -> 0.49606299
A8: Minnesota Vikings | B8: MIN | C8: 672 | D8: 404 | E8: =SUM(C8:D8) -> 1076 | F8: =C8/E8 -> 0.62453532 | G8: =D8/E8 -> 0.37546468
A9: Cincinnati Bengals | B9: CIN | C9: 610 | D9: 399 | E9: =SUM(C9:D9) -> 1009 | F9: =C9/E9 -> 0.60455897 | G9: =D9/E9 -> 0.39544103
A10: Seattle Seahawks | B10: SEA | C10: 573 | D10: 425 | E10: =SUM(C10:D10) -> 998 | F10: =C10/E10 -> 0.5741483 | G10: =D10/E10 -> 0.4258517
A11: Jacksonville Jaguars | B11: JAX | C11: 596 | D11: 448 | E11: =SUM(C11:D11) -> 1044 | F11: =C11/E11 -> 0.57088123 | G11: =D11/E11 -> 0.42911877
A12: Miami Dolphins | B12: MIA | C12: 584 | D12: 390 | E12: =SUM(C12:D12) -> 974 | F12: =C12/E12 -> 0.59958932 | G12: =D12/E12 -> 0.40041068
A13: Las Vegas Raiders | B13: LVR | C13: 586 | D13: 428 | E13: =SUM(C13:D13) -> 1014 | F13: =C13/E13 -> 0.57790927 | G13: =D13/E13 -> 0.42209073
... A33: Denver Broncos | B33: DEN | C33: 571 | D33: 444 | E33: =SUM(C33:D33) -> 1015 | F33: =C33/E33 -> 0.56256158 | G33: =D33/E33 -> 0.43743842

Sheet 2021 Team
A1: Team | B1: ABB | C1: Pass Plays | D1: Run Plays | E1: Total Plays | F1: Pass % | G1: Run %
A2: Dallas Cowboys | B2: DAL | C2: 647 | D2: 473 | E2: =SUM(C2:D2) -> 1120 | F2: =C2/E2 -> 0.57767857 | G2: =D2/E2 -> 0.42232143
A3: Tampa Bay Buccaneers | B3: TAM | C3: 731 | D3: 385 | E3: =SUM(C3:D3) -> 1116 | F3: =C3/E3 -> 0.65501792 | G3: =D3/E3 -> 0.34498208
A4: Buffalo Bills | B4: BUF | C4: 655 | D4: 461 | E4: =SUM(C4:D4) -> 1116 | F4: =C4/E4 -> 0.58691756 | G4: =D4/E4 -> 0.41308244
A5: Kansas City Chiefs | B5: KAN | C5: 675 | D5: 431 | E5: =SUM(C5:D5) -> 1106 | F5: =C5/E5 -> 0.61030741 | G5: =D5/E5 -> 0.38969259
A6: Los Angeles Chargers | B6: LAC | C6: 674 | D6: 423 | E6: =SUM(C6:D6) -> 1097 | F6: =C6/E6 -> 0.61440292 | G6: =D6/E6 -> 0.38559708
A7: New England Patriots | B7: NWE | C7: 535 | D7: 489 | E7: =SUM(C7:D7) -> 1024 | F7: =C7/E7 -> 0.52246094 | G7: =D7/E7 -> 0.47753906
A8: Cincinnati Bengals | B8: CIN | C8: 555 | D8: 436 | E8: =SUM(C8:D8) -> 991 | F8: =C8/E8 -> 0.56004036 | G8: =D8/E8 -> 0.43995964
A9: Los Angeles Rams | B9: LAR | C9: 607 | D9: 420 | E9: =SUM(C9:D9) -> 1027 | F9: =C9/E9 -> 0.59104187 | G9: =D9/E9 -> 0.40895813
A10: Indianapolis Colts | B10: IND | C10: 521 | D10: 499 | E10: =SUM(C10:D10) -> 1020 | F10: =C10/E10 -> 0.51078431 | G10: =D10/E10 -> 0.48921569
A11: Green Bay Packers | B11: GNB | C11: 593 | D11: 446 | E11: =SUM(C11:D11) -> 1039 | F11: =C11/E11 -> 0.5707411 | G11: =D11/E11 -> 0.4292589
A12: Arizona Cardinals | B12: ARI | C12: 591 | D12: 496 | E12: =SUM(C12:D12) -> 1087 | F12: =C12/E12 -> 0.54369825 | G12: =D12/E12 -> 0.45630175
A13: Philadelphia Eagles | B13: PHI | C13: 494 | D13: 550 | E13: =SUM(C13:D13) -> 1044 | F13: =C13/E13 -> 0.47318008 | G13: =D13/E13 -> 0.52681992
... A33: Jacksonville Jaguars | B33: JAX | C33: 604 | D33: 392 | E33: =SUM(C33:D33) -> 996 | F33: =C33/E33 -> 0.6064257 | G33: =D33/E33 -> 0.3935743

Sheet 2025 Passing
A1: Player | B1: Team | C1: Pos | D1: Cmp | E1: Att | F1: Cmp% | G1: Yds | H1: TD% | I1: Int% | J1: Y/A | K1: Passing Share
A2: Bo Nix | B2: DEN | C2: QB | D2: 388 | E2: 612 | F2: 63.4 | G2: 3931 | H2: 4.1 | I2: 1.8 | J2: 6.4 | K2: =E2/(VLOOKUP(B2,'2025 Team'!$B$2:$G$33,2,FALSE)) -> 0.99836868
A3: Dak Prescott | B3: DAL | C3: QB | D3: 404 | E3: 600 | F3: 67.3 | G3: 4552 | H3: 5 | I3: 1.7 | J3: 7.6 | K3: =E3/(VLOOKUP(B3,'2025 Team'!$B$2:$G$33,2,FALSE)) -> 0.96153846
A4: Matthew Stafford | B4: LAR | C4: QB | D4: 388 | E4: 597 | F4: 65 | G4: 4707 | H4: 7.7 | I4: 1.3 | J4: 7.9 | K4: =E4/(VLOOKUP(B4,'2025 Team'!$B$2:$G$33,2,FALSE)) -> 0.99832776
A5: Jared Goff | B5: DET | C5: QB | D5: 393 | E5: 578 | F5: 68 | G5: 4564 | H5: 5.9 | I5: 1.4 | J5: 7.9 | K5: =E5/(VLOOKUP(B5,'2025 Team'!$B$2:$G$33,2,FALSE)) -> 0.99312715
A6: Caleb Williams | B6: CHI | C6: QB | D6: 330 | E6: 568 | F6: 58.1 | G6: 3942 | H6: 4.8 | I6: 1.2 | J6: 6.9 | K6: =E6/(VLOOKUP(B6,'2025 Team'!$B$2:$G$33,2,FALSE)) -> 0.98954704
A7: Trevor Lawrence | B7: JAX | C7: QB | D7: 341 | E7: 560 | F7: 60.9 | G7: 4007 | H7: 5.2 | I7: 2.1 | J7: 7.2 | K7: =E7/(VLOOKUP(B7,'2025 Team'!$B$2:$G$33,2,FALSE)) -> 0.9946714
A8: Baker Mayfield | B8: TAM | C8: QB | D8: 343 | E8: 543 | F8: 63.2 | G8: 3693 | H8: 4.8 | I8: 2 | J8: 6.8 | K8: =E8/(VLOOKUP(B8,'2025 Team'!$B$2:$G$33,2,FALSE)) -> 0.97311828
A9: Cam Ward | B9: TEN | C9: QB | D9: 323 | E9: 540 | F9: 59.8 | G9: 3169 | H9: 2.8 | I9: 1.3 | J9: 5.9 | K9: =E9/(VLOOKUP(B9,'2025 Team'!$B$2:$G$33,2,FALSE)) -> 0.94736842
A10: Justin Herbert | B10: LAC | C10: QB | D10: 340 | E10: 512 | F10: 66.4 | G10: 3727 | H10: 5.1 | I10: 2.5 | J10: 7.3 | K10: =E10/(VLOOKUP(B10,'2025 Team'!$B$2:$G$33,2,FALSE)) -> 0.89982425
A11: Patrick Mahomes | B11: KAN | C11: QB | D11: 315 | E11: 502 | F11: 62.7 | G11: 3587 | H11: 4.4 | I11: 2.2 | J11: 7.1 | K11: =E11/(VLOOKUP(B11,'2025 Team'!$B$2:$G$33,2,FALSE)) -> 0.85958904
A12: Aaron Rodgers | B12: PIT | C12: QB | D12: 327 | E12: 498 | F12: 65.7 | G12: 3322 | H12: 4.8 | I12: 1.4 | J12: 6.7 | K12: =E12/(VLOOKUP(B12,'2025 Team'!$B$2:$G$33,2,FALSE)) -> 0.90545455
A13: Drake Maye | B13: NWE | C13: QB | D13: 354 | E13: 492 | F13: 72 | G13: 4394 | H13: 6.3 | I13: 1.6 | J13: 8.9 | K13: =E13/(VLOOKUP(B13,'2025 Team'!$B$2:$G$33,2,FALSE)) -> 0.98007968
... A98: Christian McCaffrey | B98: SFO | C98: RB | D98: 0 | E98: 1 | F98: 0 | G98: 0 | H98: 0 | I98: 0 | J98: 0 | K98: =E98/(VLOOKUP(B98,'2025 Team'!$B$2:$G$33,2,FALSE)) -> 0.0017421603
A99: Brett Rypien | B99: CIN | C99: QB | D99: 0 | E99: 0 | G99: 0 | K99: =E99/(VLOOKUP(B99,'2025 Team'!$B$2:$G$33,2,FALSE)) -> 0
A100: Courtland Sutton | B100: DEN | C100: WR | D100: 0 | E100: 0 | G100: 0 | K100: =E100/(VLOOKUP(B100,'2025 Team'!$B$2:$G$33,2,FALSE)) -> 0
A101: Marte Mapu | B101: NWE | C101: LB | D101: 0 | E101: 0 | G101: 0 | K101: =E101/(VLOOKUP(B101,'2025 Team'!$B$2:$G$33,2,FALSE)) -> 0
A102: Treylon Burks | B102: WAS | C102: WR | D102: 0 | E102: 0 | G102: 0 | K102: =E102/(VLOOKUP(B102,'2025 Team'!$B$2:$G$33,2,FALSE)) -> 0

Sheet 2024 Passing
A1: Player | B1: Team | C1: Pos | D1: Cmp | E1: Att | F1: Cmp% | G1: Yds | H1: TD% | I1: Int% | J1: Y/A | K1: Passing Share
A2: Joe Burrow | B2: CIN | C2: QB | D2: 460 | E2: 652 | F2: 70.6 | G2: 4918 | H2: 6.6 | I2: 1.4 | J2: 7.5 | K2: =E2/(VLOOKUP(B2,'2024 Team'!$B$2:$G$33,2,FALSE)) -> 1
A3: Jared Goff | B3: DET | C3: QB | D3: 390 | E3: 539 | F3: 72.4 | G3: 4629 | H3: 6.9 | I3: 2.2 | J3: 8.6 | K3: =E3/(VLOOKUP(B3,'2024 Team'!$B$2:$G$33,2,FALSE)) -> 0.97822142
A4: Baker Mayfield | B4: TAM | C4: QB | D4: 407 | E4: 570 | F4: 71.4 | G4: 4500 | H4: 7.2 | I4: 2.8 | J4: 7.9 | K4: =E4/(VLOOKUP(B4,'2024 Team'!$B$2:$G$33,2,FALSE)) -> 0.99824869
A5: Geno Smith | B5: SEA | C5: QB | D5: 407 | E5: 578 | F5: 70.4 | G5: 4320 | H5: 3.6 | I5: 2.6 | J5: 7.5 | K5: =E5/(VLOOKUP(B5,'2024 Team'!$B$2:$G$33,2,FALSE)) -> 0.97470489
A6: Sam Darnold | B6: MIN | C6: QB | D6: 361 | E6: 545 | F6: 66.2 | G6: 4319 | H6: 6.4 | I6: 2.2 | J6: 7.9 | K6: =E6/(VLOOKUP(B6,'2024 Team'!$B$2:$G$33,2,FALSE)) -> 0.99452555
A7: Lamar Jackson | B7: BAL | C7: QB | D7: 316 | E7: 474 | F7: 66.7 | G7: 4172 | H7: 8.6 | I7: 0.8 | J7: 8.8 | K7: =E7/(VLOOKUP(B7,'2024 Team'!$B$2:$G$33,2,FALSE)) -> 0.99371069
A8: Patrick Mahomes | B8: KAN | C8: QB | D8: 392 | E8: 581 | F8: 67.5 | G8: 3928 | H8: 4.5 | I8: 1.9 | J8: 6.8 | K8: =E8/(VLOOKUP(B8,'2024 Team'!$B$2:$G$33,2,FALSE)) -> 0.96833333
A9: Aaron Rodgers | B9: NYJ | C9: QB | D9: 368 | E9: 584 | F9: 63 | G9: 3897 | H9: 4.8 | I9: 1.9 | J9: 6.7 | K9: =E9/(VLOOKUP(B9,'2024 Team'!$B$2:$G$33,2,FALSE)) -> 0.96210873
A10: Justin Herbert | B10: LAC | C10: QB | D10: 332 | E10: 504 | F10: 65.9 | G10: 3870 | H10: 4.6 | I10: 0.6 | J10: 7.7 | K10: =E10/(VLOOKUP(B10,'2024 Team'!$B$2:$G$33,2,FALSE)) -> 0.98823529
A11: Brock Purdy | B11: SFO | C11: QB | D11: 300 | E11: 455 | F11: 65.9 | G11: 3864 | H11: 4.4 | I11: 2.6 | J11: 8.5 | K11: =E11/(VLOOKUP(B11,'2024 Team'!$B$2:$G$33,2,FALSE)) -> 0.85365854
A12: Kyler Murray | B12: ARI | C12: QB | D12: 372 | E12: 541 | F12: 68.8 | G12: 3851 | H12: 3.9 | I12: 2 | J12: 7.1 | K12: =E12/(VLOOKUP(B12,'2024 Team'!$B$2:$G$33,2,FALSE)) -> 0.99631676
A13: Bo Nix | B13: DEN | C13: QB | D13: 376 | E13: 567 | F13: 66.3 | G13: 3775 | H13: 5.1 | I13: 2.1 | J13: 6.7 | K13: =E13/(VLOOKUP(B13,'2024 Team'!$B$2:$G$33,2,FALSE)) -> 0.99473684
... A94: Tutu Atwell | B94: LAR | C94: WR | D94: 0 | E94: 1 | F94: 0 | G94: 0 | H94: 0 | I94: 0 | J94: 0 | K94: =E94/(VLOOKUP(B94,'2024 Team'!$B$2:$G$33,2,FALSE)) -> 0.0017889088
A95: Saquon Barkley | B95: PHI | C95: RB | D95: 0 | E95: 0 | G95: 0 | K95: =E95/(VLOOKUP(B95,'2024 Team'!$B$2:$G$33,2,FALSE)) -> 0
A96: Kendrick Bourne | B96: NWE | C96: WR | D96: 0 | E96: 1 | F96: 0 | G96: 0 | H96: 0 | I96: 0 | J96: 0 | K96: =E96/(VLOOKUP(B96,'2024 Team'!$B$2:$G$33,2,FALSE)) -> 0.0018903592
A97: Tyler Boyd | B97: TEN | C97: WR | D97: 0 | E97: 1 | F97: 0 | G97: 0 | H97: 0 | I97: 0 | J97: 0 | K97: =E97/(VLOOKUP(B97,'2024 Team'!$B$2:$G$33,2,FALSE)) -> 0.0018867925
A98: Dyami Brown | B98: WAS | C98: WR | D98: 0 | E98: 1 | F98: 0 | G98: 0 | H98: 0 | I98: 0 | J98: 0 | K98: =E98/(VLOOKUP(B98,'2024 Team'!$B$2:$G$33,2,FALSE)) -> 0.0019047619
A99: Ty Chandler | B99: MIN | C99: RB | D99: 0 | E99: 0 | G99: 0 | K99: =E99/(VLOOKUP(B99,'2024 Team'!$B$2:$G$33,2,FALSE)) -> 0
A100: Johnny Hekker | B100: CAR | C100: P | D100: 0 | E100: 2 | F100: 0 | G100: 0 | H100: 0 | I100: 0 | J100: 0 | K100: =E100/(VLOOKUP(B100,'2024 Team'!$B$2:$G$33,2,FALSE)) -> 0.0036563071
A101: Miles Killebrew | B101: PIT | C101: S | D101: 0 | E101: 1 | F101: 0 | G101: 0 | H101: 0 | I101: 0 | J101: 0 | K101: =E101/(VLOOKUP(B101,'2024 Team'!$B$2:$G$33,2,FALSE)) -> 0.002004008
A102: Allen Lazard | B102: NYJ | C102: WR | D102: 0 | E102: 1 | F102: 0 | G102: 0 | H102: 0 | I102: 0 | J102: 0 | K102: =E102/(VLOOKUP(B102,'2024 Team'!$B$2:$G$33,2,FALSE)) -> 0.0016474465
A103: Jakobi Meyers | B103: LVR | C103: WR | D103: 0 | E103: 0 | G103: 0 | K103: =E103/(VLOOKUP(B103,'2024 Team'!$B$2:$G$33,2,FALSE)) -> 0
A104: Joe Mixon | B104: HOU | C104: RB | D104: 0 | E104: 1 | F104: 0 | G104: 0 | H104: 0 | I104: 0 | J104: 0 | K104: =E104/(VLOOKUP(B104,'2024 Team'!$B$2:$G$33,2,FALSE)) -> 0.001754386
A105: Darnell Mooney | B105: ATL | C105: WR | D105: 0 | E105: 1 | F105: 0 | G105: 0 | H105: 0 | I105: 0 | J105: 0 | K105: =E105/(VLOOKUP(B105,'2024 Team'!$B$2:$G$33,2,FALSE)) -> 0.0017889088
A106: D.J. Moore | B106: CHI | C106: WR | D106: 0 | E106: 1 | F106: 0 | G106: 0 | H106: 0 | I106: 0 | J106: 0 | K106: =E106/(VLOOKUP(B106,'2024 Team'!$B$2:$G$33,2,FALSE)) -> 0.0017667845
A107: Malik Nabers | B107: NYG | C107: WR | D107: 0 | E107: 1 | F107: 0 | G107: 0 | H107: 0 | I107: 0 | J107: 0 | K107: =E107/(VLOOKUP(B107,'2024 Team'!$B$2:$G$33,2,FALSE)) -> 0.0016920474
A108: Chris Oladokun | B108: KAN | C108: QB | D108: 0 | E108: 0 | G108: 0 | K108: =E108/(VLOOKUP(B108,'2024 Team'!$B$2:$G$33,2,FALSE)) -> 0
A109: Ricky Pearsall | B109: SFO | C109: WR | D109: 0 | E109: 1 | F109: 0 | G109: 0 | H109: 0 | I109: 0 | J109: 0 | K109: =E109/(VLOOKUP(B109,'2024 Team'!$B$2:$G$33,2,FALSE)) -> 0.0018761726
A110: Deebo Samuel | B110: SFO | C110: WR | D110: 0 | E110: 0 | G110: 0 | K110: =E110/(VLOOKUP(B110,'2024 Team'!$B$2:$G$33,2,FALSE)) -> 0
A111: Penei Sewell | B111: DET | C111: RT | D111: 0 | E111: 0 | G111: 0 | K111: =E111/(VLOOKUP(B111,'2024 Team'!$B$2:$G$33,2,FALSE)) -> 0
A112: League Average | F112: 65.3 | H112: 4.5 | I112: 2.2 | J112: 7.1 | K112: =E112/(VLOOKUP(B112,'2024 Team'!$B$2:$G$33,2,FALSE)) -> #N/A

Sheet 2023 Passing
A1: Player | B1: Team | C1: Pos | D1: Cmp | E1: Att | F1: Cmp% | G1: Yds | H1: TD% | I1: Int% | J1: Y/A | K1: Passing Share
A2: Tua Tagovailoa | B2: MIA | C2: QB | D2: 388 | E2: 560 | F2: 69.3 | G2: 4624 | H2: 5.2 | I2: 2.5 | J2: 8.3 | K2: =E2/(VLOOKUP(B2,'2023 Team'!$B$2:$G$33,2,FALSE)) -> 0.98939929
A3: Jared Goff | B3: DET | C3: QB | D3: 407 | E3: 605 | F3: 67.3 | G3: 4575 | H3: 5 | I3: 2 | J3: 7.6 | K3: =E3/(VLOOKUP(B3,'2023 Team'!$B$2:$G$33,2,FALSE)) -> 0.99834983
A4: Dak Prescott | B4: DAL | C4: QB | D4: 410 | E4: 590 | F4: 69.5 | G4: 4516 | H4: 6.1 | I4: 1.5 | J4: 7.7 | K4: =E4/(VLOOKUP(B4,'2023 Team'!$B$2:$G$33,2,FALSE)) -> 0.96091205
A5: Josh Allen | B5: BUF | C5: QB | D5: 385 | E5: 579 | F5: 66.5 | G5: 4306 | H5: 5 | I5: 3.1 | J5: 7.4 | K5: =E5/(VLOOKUP(B5,'2023 Team'!$B$2:$G$33,2,FALSE)) -> 1
A6: Brock Purdy | B6: SFO | C6: QB | D6: 308 | E6: 444 | F6: 69.4 | G6: 4280 | H6: 7 | I6: 2.5 | J6: 9.6 | K6: =E6/(VLOOKUP(B6,'2023 Team'!$B$2:$G$33,2,FALSE)) -> 0.90427699
A7: Patrick Mahomes | B7: KAN | C7: QB | D7: 401 | E7: 597 | F7: 67.2 | G7: 4183 | H7: 4.5 | I7: 2.3 | J7: 7 | K7: =E7/(VLOOKUP(B7,'2023 Team'!$B$2:$G$33,2,FALSE)) -> 0.94015748
A8: Jordan Love | B8: GNB | C8: QB | D8: 372 | E8: 579 | F8: 64.2 | G8: 4159 | H8: 5.5 | I8: 1.9 | J8: 7.2 | K8: =E8/(VLOOKUP(B8,'2023 Team'!$B$2:$G$33,2,FALSE)) -> 0.99655766
A9: C.J. Stroud | B9: HOU | C9: QB | D9: 319 | E9: 499 | F9: 63.9 | G9: 4108 | H9: 4.6 | I9: 1 | J9: 8.2 | K9: =E9/(VLOOKUP(B9,'2023 Team'!$B$2:$G$33,2,FALSE)) -> 0.84290541
A10: Baker Mayfield | B10: TAM | C10: QB | D10: 364 | E10: 566 | F10: 64.3 | G10: 4044 | H10: 4.9 | I10: 1.8 | J10: 7.1 | K10: =E10/(VLOOKUP(B10,'2023 Team'!$B$2:$G$33,2,FALSE)) -> 0.99647887
A11: Trevor Lawrence | B11: JAX | C11: QB | D11: 370 | E11: 564 | F11: 65.6 | G11: 4016 | H11: 3.7 | I11: 2.5 | J11: 7.1 | K11: =E11/(VLOOKUP(B11,'2023 Team'!$B$2:$G$33,2,FALSE)) -> 0.90967742
A12: Matthew Stafford | B12: LAR | C12: QB | D12: 326 | E12: 521 | F12: 62.6 | G12: 3965 | H12: 4.6 | I12: 2.1 | J12: 7.6 | K12: =E12/(VLOOKUP(B12,'2023 Team'!$B$2:$G$33,2,FALSE)) -> 0.89365352
A13: Sam Howell | B13: WAS | C13: QB | D13: 388 | E13: 612 | F13: 63.4 | G13: 3946 | H13: 3.4 | I13: 3.4 | J13: 6.4 | K13: =E13/(VLOOKUP(B13,'2023 Team'!$B$2:$G$33,2,FALSE)) -> 0.96226415
... A93: Jerick McKinnon | B93: KAN | C93: RB | D93: 1 | E93: 1 | F93: 100 | G93: 4 | H93: 100 | I93: 0 | J93: 4 | K93: =E93/(VLOOKUP(B93,'2023 Team'!$B$2:$G$33,2,FALSE)) -> 0.0015748031
A94: De'Von Achane | B94: MIA | C94: RB | D94: 0 | E94: 0 | G94: 0 | K94: =E94/(VLOOKUP(B94,'2023 Team'!$B$2:$G$33,2,FALSE)) -> 0
A95: Cam Akers | B95: MIN | C95: RB | D95: 0 | E95: 0 | G95: 0 | K95: =E95/(VLOOKUP(B95,'2023 Team'!$B$2:$G$33,2,FALSE)) -> 0
A96: Tyler Boyd | B96: CIN | C96: WR | D96: 0 | E96: 1 | F96: 0 | G96: 0 | H96: 0 | I96: 100 | J96: 0 | K96: =E96/(VLOOKUP(B96,'2023 Team'!$B$2:$G$33,2,FALSE)) -> 0.0016260163
A97: Parris Campbell | B97: NYG | C97: WR | D97: 0 | E97: 0 | G97: 0 | K97: =E97/(VLOOKUP(B97,'2023 Team'!$B$2:$G$33,2,FALSE)) -> 0
A98: Malik Cunningham | B98: NWE | C98: QB | D98: 0 | E98: 0 | G98: 0 | K98: =E98/(VLOOKUP(B98,'2023 Team'!$B$2:$G$33,2,FALSE)) -> 0
A99: DeeJay Dallas | B99: SEA | C99: RB | D99: 0 | E99: 0 | G99: 0 | K99: =E99/(VLOOKUP(B99,'2023 Team'!$B$2:$G$33,2,FALSE)) -> 0
A100: Tank Dell | B100: HOU | C100: WR | D100: 0 | E100: 0 | G100: 0 | K100: =E100/(VLOOKUP(B100,'2023 Team'!$B$2:$G$33,2,FALSE)) -> 0
A101: Chris Godwin | B101: TAM | C101: WR | D101: 0 | E101: 1 | F101: 0 | G101: 0 | H101: 0 | I101: 0 | J101: 0 | K101: =E101/(VLOOKUP(B101,'2023 Team'!$B$2:$G$33,2,FALSE)) -> 0.0017605634
A102: Connor Heyward | B102: PIT | C102: TE | D102: 0 | E102: 1 | F102: 0 | G102: 0 | H102: 0 | I102: 0 | J102: 0 | K102: =E102/(VLOOKUP(B102,'2023 Team'!$B$2:$G$33,2,FALSE)) -> 0.0019762846
A103: DeAndre Hopkins | B103: TEN | C103: WR | D103: 0 | E103: 1 | F103: 0 | G103: 0 | H103: 0 | I103: 0 | J103: 0 | K103: =E103/(VLOOKUP(B103,'2023 Team'!$B$2:$G$33,2,FALSE)) -> 0.0020242915
A104: Tanner Hudson | B104: CIN | C104: TE | D104: 0 | E104: 0 | G104: 0 | K104: =E104/(VLOOKUP(B104,'2023 Team'!$B$2:$G$33,2,FALSE)) -> 0
A105: Josh Jacobs | B105: LVR | C105: RB | D105: 0 | E105: 0 | G105: 0 | K105: =E105/(VLOOKUP(B105,'2023 Team'!$B$2:$G$33,2,FALSE)) -> 0
A106: Justin Jefferson | B106: MIN | C106: WR | D106: 0 | E106: 1 | F106: 0 | G106: 0 | H106: 0 | I106: 0 | J106: 0 | K106: =E106/(VLOOKUP(B106,'2023 Team'!$B$2:$G$33,2,FALSE)) -> 0.0015847861
A107: Nathan Peterman | B107: CHI | C107: QB | D107: 0 | E107: 0 | G107: 0 | K107: =E107/(VLOOKUP(B107,'2023 Team'!$B$2:$G$33,2,FALSE)) -> 0
A108: Aaron Rodgers | B108: NYJ | C108: QB | D108: 0 | E108: 1 | F108: 0 | G108: 0 | H108: 0 | I108: 0 | J108: 0 | K108: =E108/(VLOOKUP(B108,'2023 Team'!$B$2:$G$33,2,FALSE)) -> 0.0016638935
A109: Deebo Samuel | B109: SFO | C109: WR | D109: 0 | E109: 1 | F109: 0 | G109: 0 | H109: 0 | I109: 0 | J109: 0 | K109: =E109/(VLOOKUP(B109,'2023 Team'!$B$2:$G$33,2,FALSE)) -> 0.0020366599
A110: Jonnu Smith | B110: ATL | C110: TE | D110: 0 | E110: 1 | F110: 0 | G110: 0 | H110: 0 | I110: 0 | J110: 0 | K110: =E110/(VLOOKUP(B110,'2023 Team'!$B$2:$G$33,2,FALSE)) -> 0.0018867925
A111: Amon-Ra St. Brown | B111: DET | C111: WR | D111: 0 | E111: 0 | G111: 0 | K111: =E111/(VLOOKUP(B111,'2023 Team'!$B$2:$G$33,2,FALSE)) -> 0
A112: Kadarius Toney | B112: KAN | C112: WR | D112: 0 | E112: 1 | F112: 0 | G112: 0 | H112: 0 | I112: 0 | J112: 0 | K112: =E112/(VLOOKUP(B112,'2023 Team'!$B$2:$G$33,2,FALSE)) -> 0.0015748031
A113: Kyle Trask | B113: TAM | C113: QB | D113: 0 | E113: 1 | F113: 0 | G113: 0 | H113: 0 | I113: 0 | J113: 0 | K113: =E113/(VLOOKUP(B113,'2023 Team'!$B$2:$G$33,2,FALSE)) -> 0.0017605634
A114: Cedrick Wilson Jr. | B114: MIA | C114: WR | D114: 0 | E114: 0 | G114: 0 | K114: =E114/(VLOOKUP(B114,'2023 Team'!$B$2:$G$33,2,FALSE)) -> 0
A115: Garrett Wilson | B115: NYJ | C115: WR | D115: 0 | E115: 1 | F115: 0 | G115: 0 | H115: 0 | I115: 0 | J115: 0 | K115: =E115/(VLOOKUP(B115,'2023 Team'!$B$2:$G$33,2,FALSE)) -> 0.0016638935
A116: Christian Kirk | B116: JAX | C116: WR | D116: 1 | E116: 2 | F116: 50 | G116: -1 | H116: 0 | I116: 0 | J116: -0.5 | K116: =E116/(VLOOKUP(B116,'2023 Team'!$B$2:$G$33,2,FALSE)) -> 0.0032258065
A117: Ja'Marr Chase | B117: CIN | C117: WR | D117: 1 | E117: 1 | F117: 100 | G117: -7 | H117: 0 | I117: 0 | J117: -7 | K117: =E117/(VLOOKUP(B117,'2023 Team'!$B$2:$G$33,2,FALSE)) -> 0.0016260163
A118: League Average | F118: 64.5 | H118: 4.1 | I118: 2.3 | J118: 7 | K118: =E118/(VLOOKUP(B118,'2023 Team'!$B$2:$G$33,2,FALSE)) -> #N/A

Sheet 2022 Passing
A1: Player | B1: Team | C1: Pos | D1: Cmp | E1: Att | F1: Cmp% | G1: Yds | H1: TD% | I1: Int% | J1: Y/A | K1: Passing Share
A2: Patrick Mahomes | B2: KAN | C2: QB | D2: 435 | E2: 648 | F2: 67.1 | G2: 188 | H2: 6.3 | I2: 1.9 | J2: 8.1 | K2: =E2/(VLOOKUP(B2,'[1]2022 Team'!$B$2:$G$33,2,FALSE)) -> 0.99539171
A3: Justin Herbert | B3: LAC | C3: QB | D3: 477 | E3: 699 | F3: 68.2 | G3: 206 | H3: 3.6 | I3: 1.4 | J3: 6.8 | K3: =E3/(VLOOKUP(B3,'[1]2022 Team'!$B$2:$G$33,2,FALSE)) -> 0.98312236
A4: Tom Brady | B4: TAM | C4: QB | D4: 490 | E4: 733 | F4: 66.8 | G4: 160 | H4: 3.4 | I4: 1.2 | J4: 6.4 | K4: =E4/(VLOOKUP(B4,'[1]2022 Team'!$B$2:$G$33,2,FALSE)) -> 0.97603196
A5: Kirk Cousins | B5: MIN | C5: QB | D5: 424 | E5: 643 | F5: 65.9 | G5: 329 | H5: 4.5 | I5: 2.2 | J5: 7.1 | K5: =E5/(VLOOKUP(B5,'[1]2022 Team'!$B$2:$G$33,2,FALSE)) -> 0.95684524
A6: Joe Burrow | B6: CIN | C6: QB | D6: 414 | E6: 606 | F6: 68.3 | G6: 259 | H6: 5.8 | I6: 2 | J6: 7.4 | K6: =E6/(VLOOKUP(B6,'[1]2022 Team'!$B$2:$G$33,2,FALSE)) -> 0.99344262
A7: Jared Goff | B7: DET | C7: QB | D7: 382 | E7: 587 | F7: 65.1 | G7: 156 | H7: 4.9 | I7: 1.2 | J7: 7.6 | K7: =E7/(VLOOKUP(B7,'[1]2022 Team'!$B$2:$G$33,2,FALSE)) -> 0.99829932
A8: Josh Allen | B8: BUF | C8: QB | D8: 359 | E8: 567 | F8: 63.3 | G8: 162 | H8: 6.2 | I8: 2.5 | J8: 7.6 | K8: =E8/(VLOOKUP(B8,'[1]2022 Team'!$B$2:$G$33,2,FALSE)) -> 0.98780488
A9: Geno Smith | B9: SEA | C9: QB | D9: 399 | E9: 572 | F9: 69.8 | G9: 348 | H9: 5.2 | I9: 1.9 | J9: 7.5 | K9: =E9/(VLOOKUP(B9,'[1]2022 Team'!$B$2:$G$33,2,FALSE)) -> 0.9982548
A10: Trevor Lawrence | B10: JAX | C10: QB | D10: 387 | E10: 584 | F10: 66.3 | G10: 184 | H10: 4.3 | I10: 1.4 | J10: 7 | K10: =E10/(VLOOKUP(B10,'[1]2022 Team'!$B$2:$G$33,2,FALSE)) -> 0.97986577
A11: Jalen Hurts | B11: PHI | C11: QB | D11: 306 | E11: 460 | F11: 66.5 | G11: 231 | H11: 4.8 | I11: 1.3 | J11: 8 | K11: =E11/(VLOOKUP(B11,'[1]2022 Team'!$B$2:$G$33,2,FALSE)) -> 0.85820896
A12: Aaron Rodgers | B12: GNB | C12: QB | D12: 350 | E12: 542 | F12: 64.6 | G12: 258 | H12: 4.8 | I12: 2.2 | J12: 6.8 | K12: =E12/(VLOOKUP(B12,'[1]2022 Team'!$B$2:$G$33,2,FALSE)) -> 0.96269982
A13: Tua Tagovailoa | B13: MIA | C13: QB | D13: 259 | E13: 400 | F13: 64.8 | G13: 163 | H13: 6.3 | I13: 2 | J13: 8.9 | K13: =E13/(VLOOKUP(B13,'[1]2022 Team'!$B$2:$G$33,2,FALSE)) -> 0.68493151
... A97: Chase Claypool | B97: PIT | C97: WR | D97: 1 | E97: 1 | F97: 100 | G97: 0 | H97: 100 | I97: 0 | J97: 1 | K97: =E97/(VLOOKUP(B97,'[1]2022 Team'!$B$2:$G$33,2,FALSE)) -> 0.0017513135
A98: Davante Adams | B98: LVR | C98: WR | D98: 0 | E98: 0 | G98: 10 | K98: =E98/(VLOOKUP(B98,'[1]2022 Team'!$B$2:$G$33,2,FALSE)) -> 0
A99: Rex Burkhead | B99: HOU | C99: RB | D99: 0 | E99: 1 | F99: 0 | G99: 0 | H99: 0 | I99: 0 | J99: 0 | K99: =E99/(VLOOKUP(B99,'[1]2022 Team'!$B$2:$G$33,2,FALSE)) -> 0.0017271157
A100: Lawrence Cager | B100: NYG | C100: WR | D100: 0 | E100: 0 | G100: 2 | K100: =E100/(VLOOKUP(B100,'[1]2022 Team'!$B$2:$G$33,2,FALSE)) -> 0
A101: Ja'Marr Chase | B101: CIN | C101: WR | D101: 0 | E101: 0 | G101: 9 | K101: =E101/(VLOOKUP(B101,'[1]2022 Team'!$B$2:$G$33,2,FALSE)) -> 0
A102: Dalvin Cook | B102: MIN | C102: RB | D102: 0 | E102: 0 | G102: 5 | K102: =E102/(VLOOKUP(B102,'[1]2022 Team'!$B$2:$G$33,2,FALSE)) -> 0
A103: Amari Cooper | B103: CLE | C103: WR | D103: 0 | E103: 1 | F103: 0 | G103: 0 | H103: 0 | I103: 100 | J103: 0 | K103: =E103/(VLOOKUP(B103,'[1]2022 Team'!$B$2:$G$33,2,FALSE)) -> 0.0018518519
A104: DeeJay Dallas | B104: SEA | C104: RB | D104: 0 | E104: 1 | F104: 0 | G104: 0 | H104: 0 | I104: 100 | J104: 0 | K104: =E104/(VLOOKUP(B104,'[1]2022 Team'!$B$2:$G$33,2,FALSE)) -> 0.0017452007
A105: Phillip Dorsett | B105: HOU | C105: WR | D105: 0 | E105: 1 | F105: 0 | G105: 0 | H105: 0 | I105: 0 | J105: 0 | K105: =E105/(VLOOKUP(B105,'[1]2022 Team'!$B$2:$G$33,2,FALSE)) -> 0.0017271157
A106: Leonard Fournette | B106: TAM | C106: RB | D106: 0 | E106: 1 | F106: 0 | G106: 0 | H106: 0 | I106: 100 | J106: 0 | K106: =E106/(VLOOKUP(B106,'[1]2022 Team'!$B$2:$G$33,2,FALSE)) -> 0.0013315579
A107: Jamie Gillan | B107: NYG | C107: P | D107: 0 | E107: 0 | G107: 11 | K107: =E107/(VLOOKUP(B107,'[1]2022 Team'!$B$2:$G$33,2,FALSE)) -> 0
A108: Chad Henne | B108: KAN | C108: QB | D108: 0 | E108: 2 | F108: 0 | G108: 0 | H108: 0 | I108: 0 | J108: 0 | K108: =E108/(VLOOKUP(B108,'[1]2022 Team'!$B$2:$G$33,2,FALSE)) -> 0.0030721966
A109: Christian Kirk | B109: JAX | C109: WR | D109: 0 | E109: 1 | F109: 0 | G109: 0 | H109: 0 | I109: 0 | J109: 0 | K109: =E109/(VLOOKUP(B109,'[1]2022 Team'!$B$2:$G$33,2,FALSE)) -> 0.0016778523
A110: Cooper Kupp | B110: LAR | C110: WR | D110: 0 | E110: 1 | F110: 0 | G110: 0 | H110: 0 | I110: 0 | J110: 0 | K110: =E110/(VLOOKUP(B110,'[1]2022 Team'!$B$2:$G$33,2,FALSE)) -> 0.0018832392
A111: James Proche | B111: BAL | C111: WR | D111: 0 | E111: 1 | F111: 0 | G111: 0 | H111: 0 | I111: 100 | J111: 0 | K111: =E111/(VLOOKUP(B111,'[1]2022 Team'!$B$2:$G$33,2,FALSE)) -> 0.0020491803
A112: Nate Sudfeld | B112: DET | C112: QB | D112: 0 | E112: 0 | G112: 7 | K112: =E112/(VLOOKUP(B112,'[1]2022 Team'!$B$2:$G$33,2,FALSE)) -> 0
A113: Tommy Townsend | B113: KAN | C113: P | D113: 0 | E113: 1 | F113: 0 | G113: 0 | H113: 0 | I113: 0 | J113: 0 | K113: =E113/(VLOOKUP(B113,'[1]2022 Team'!$B$2:$G$33,2,FALSE)) -> 0.0015360983
A114: Cedrick Wilson Jr. | B114: MIA | C114: WR | D114: 0 | E114: 0 | G114: 6 | K114: =E114/(VLOOKUP(B114,'[1]2022 Team'!$B$2:$G$33,2,FALSE)) -> 0
A115: Garrett Wilson | B115: NYJ | C115: WR | D115: 0 | E115: 1 | F115: 0 | G115: 0 | H115: 0 | I115: 0 | J115: 0 | K115: =E115/(VLOOKUP(B115,'[1]2022 Team'!$B$2:$G$33,2,FALSE)) -> 0.0015948963

Sheet 2021 Passing
A1: Player | B1: Team | C1: Pos | D1: Cmp | E1: Att | F1: Cmp% | G1: Yds | H1: TD% | I1: Int% | J1: Y/A | K1: Passing Share
A2: Tom Brady | B2: TAM | C2: QB | D2: 485 | E2: 719 | F2: 67.5 | G2: 144 | H2: 6 | I2: 1.7 | J2: 7.4 | K2: =E2/(VLOOKUP(B2,'[1]2021 Team'!$B$2:$G$33,2,FALSE)) -> 0.98358413
A3: Justin Herbert | B3: LAC | C3: QB | D3: 443 | E3: 672 | F3: 65.9 | G3: 214 | H3: 5.7 | I3: 2.2 | J3: 7.5 | K3: =E3/(VLOOKUP(B3,'[1]2021 Team'!$B$2:$G$33,2,FALSE)) -> 0.99703264
A4: Matthew Stafford | B4: LAR | C4: QB | D4: 404 | E4: 601 | F4: 67.2 | G4: 243 | H4: 6.8 | I4: 2.8 | J4: 8.1 | K4: =E4/(VLOOKUP(B4,'[1]2021 Team'!$B$2:$G$33,2,FALSE)) -> 0.99011532
A5: Patrick Mahomes | B5: KAN | C5: QB | D5: 436 | E5: 658 | F5: 66.3 | G5: 146 | H5: 5.6 | I5: 2 | J5: 7.4 | K5: =E5/(VLOOKUP(B5,'[1]2021 Team'!$B$2:$G$33,2,FALSE)) -> 0.97481481
A6: Derek Carr | B6: LVR | C6: QB | D6: 428 | E6: 626 | F6: 68.4 | G6: 241 | H6: 3.7 | I6: 2.2 | J6: 7.7 | K6: =E6/(VLOOKUP(B6,'[1]2021 Team'!$B$2:$G$33,2,FALSE)) -> 0.99681529
A7: Joe Burrow | B7: CIN | C7: QB | D7: 366 | E7: 520 | F7: 70.4 | G7: 370 | H7: 6.5 | I7: 2.7 | J7: 8.9 | K7: =E7/(VLOOKUP(B7,'[1]2021 Team'!$B$2:$G$33,2,FALSE)) -> 0.93693694
A8: Dak Prescott | B8: DAL | C8: QB | D8: 410 | E8: 596 | F8: 68.8 | G8: 144 | H8: 6.2 | I8: 1.7 | J8: 7.5 | K8: =E8/(VLOOKUP(B8,'[1]2021 Team'!$B$2:$G$33,2,FALSE)) -> 0.92117465
A9: Josh Allen | B9: BUF | C9: QB | D9: 409 | E9: 646 | F9: 63.3 | G9: 164 | H9: 5.6 | I9: 2.3 | J9: 6.8 | K9: =E9/(VLOOKUP(B9,'[1]2021 Team'!$B$2:$G$33,2,FALSE)) -> 0.98625954
A10: Kirk Cousins | B10: MIN | C10: QB | D10: 372 | E10: 561 | F10: 66.3 | G10: 197 | H10: 5.9 | I10: 1.2 | J10: 7.5 | K10: =E10/(VLOOKUP(B10,'[1]2021 Team'!$B$2:$G$33,2,FALSE)) -> 0.92880795
A11: Aaron Rodgers | B11: GNB | C11: QB | D11: 366 | E11: 531 | F11: 68.9 | G11: 188 | H11: 7 | I11: 0.8 | J11: 7.7 | K11: =E11/(VLOOKUP(B11,'[1]2021 Team'!$B$2:$G$33,2,FALSE)) -> 0.89544688
A12: Matt Ryan | B12: ATL | C12: QB | D12: 375 | E12: 560 | F12: 67 | G12: 274 | H12: 3.6 | I12: 2.1 | J12: 7.1 | K12: =E12/(VLOOKUP(B12,'[1]2021 Team'!$B$2:$G$33,2,FALSE)) -> 0.97731239
A13: Jimmy Garoppolo | B13: SFO | C13: QB | D13: 301 | E13: 441 | F13: 68.3 | G13: 201 | H13: 4.5 | I13: 2.7 | J13: 8.6 | K13: =E13/(VLOOKUP(B13,'[1]2021 Team'!$B$2:$G$33,2,FALSE)) -> 0.85797665
... A99: Cole Beasley | B99: BUF | C99: WR | D99: 0 | E99: 1 | F99: 0 | G99: 0 | H99: 0 | I99: 0 | J99: 0 | K99: =E99/(VLOOKUP(B99,'[1]2021 Team'!$B$2:$G$33,2,FALSE)) -> 0.0015267176
A100: David Blough | B100: DET | C100: QB | D100: 0 | E100: 0 | G100: 6 | K100: =E100/(VLOOKUP(B100,'[1]2021 Team'!$B$2:$G$33,2,FALSE)) -> 0
A101: Chris Boswell | B101: PIT | C101: K | D101: 0 | E101: 1 | F101: 0 | G101: 0 | H101: 0 | I101: 0 | J101: 0 | K101: =E101/(VLOOKUP(B101,'[1]2021 Team'!$B$2:$G$33,2,FALSE)) -> 0.0015060241
A102: A.J. Brown | B102: TEN | C102: WR | D102: 0 | E102: 2 | F102: 0 | G102: 0 | H102: 0 | I102: 0 | J102: 0 | K102: =E102/(VLOOKUP(B102,'[1]2021 Team'!$B$2:$G$33,2,FALSE)) -> 0.0037383178
A103: Rex Burkhead | B103: HOU | C103: RB | D103: 0 | E103: 1 | F103: 0 | G103: 0 | H103: 0 | I103: 0 | J103: 0 | K103: =E103/(VLOOKUP(B103,'[1]2021 Team'!$B$2:$G$33,2,FALSE)) -> 0.0018315018
A104: Keelan Cole | B104: NYJ | C104: WR | D104: 0 | E104: 1 | F104: 0 | G104: 0 | H104: 0 | I104: 0 | J104: 0 | K104: =E104/(VLOOKUP(B104,'[1]2021 Team'!$B$2:$G$33,2,FALSE)) -> 0.0016583748
A105: Jamison Crowder | B105: NYJ | C105: WR | D105: 0 | E105: 0 | G105: 3 | K105: =E105/(VLOOKUP(B105,'[1]2021 Team'!$B$2:$G$33,2,FALSE)) -> 0
A106: Stefon Diggs | B106: BUF | C106: WR | D106: 0 | E106: 0 | G106: 2 | K106: =E106/(VLOOKUP(B106,'[1]2021 Team'!$B$2:$G$33,2,FALSE)) -> 0
A107: Riley Dixon | B107: NYG | C107: P | D107: 0 | E107: 1 | F107: 0 | G107: 0 | H107: 0 | I107: 0 | J107: 0 | K107: =E107/(VLOOKUP(B107,'[1]2021 Team'!$B$2:$G$33,2,FALSE)) -> 0.0016863406
A108: Leonard Fournette | B108: TAM | C108: RB | D108: 0 | E108: 1 | F108: 0 | G108: 0 | H108: 0 | I108: 0 | J108: 0 | K108: =E108/(VLOOKUP(B108,'[1]2021 Team'!$B$2:$G$33,2,FALSE)) -> 0.0013679891
A109: Feleipe Franks | B109: ATL | C109: QB | D109: 0 | E109: 1 | F109: 0 | G109: 0 | H109: 0 | I109: 100 | J109: 0 | K109: =E109/(VLOOKUP(B109,'[1]2021 Team'!$B$2:$G$33,2,FALSE)) -> 0.0017452007
A110: Mike Gesicki | B110: MIA | C110: TE | D110: 0 | E110: 1 | F110: 0 | G110: 0 | H110: 0 | I110: 0 | J110: 0 | K110: =E110/(VLOOKUP(B110,'[1]2021 Team'!$B$2:$G$33,2,FALSE)) -> 0.0016260163
A111: Blake Gillikin | B111: NOR | C111: P | D111: 0 | E111: 1 | F111: 0 | G111: 0 | H111: 0 | I111: 0 | J111: 0 | K111: =E111/(VLOOKUP(B111,'[1]2021 Team'!$B$2:$G$33,2,FALSE)) -> 0.001984127
A112: Sam Koch | B112: BAL | C112: P | D112: 0 | E112: 1 | F112: 0 | G112: 0 | H112: 0 | I112: 0 | J112: 0 | K112: =E112/(VLOOKUP(B112,'[1]2021 Team'!$B$2:$G$33,2,FALSE)) -> 0.0016366612
A113: Cooper Kupp | B113: LAR | C113: WR | D113: 0 | E113: 1 | F113: 0 | G113: 0 | H113: 0 | I113: 0 | J113: 0 | K113: =E113/(VLOOKUP(B113,'[1]2021 Team'!$B$2:$G$33,2,FALSE)) -> 0.0016474465
A114: Jarvis Landry | B114: CLE | C114: WR | D114: 0 | E114: 0 | G114: 1 | K114: =E114/(VLOOKUP(B114,'[1]2021 Team'!$B$2:$G$33,2,FALSE)) -> 0
A115: Ty Long | B115: LAC | C115: P | D115: 0 | E115: 1 | F115: 0 | G115: 0 | H115: 0 | I115: 0 | J115: 0 | K115: =E115/(VLOOKUP(B115,'[1]2021 Team'!$B$2:$G$33,2,FALSE)) -> 0.0014836795
A116: David Montgomery | B116: CHI | C116: RB | D116: 0 | E116: 1 | F116: 0 | G116: 0 | H116: 0 | I116: 100 | J116: 0 | K116: =E116/(VLOOKUP(B116,'[1]2021 Team'!$B$2:$G$33,2,FALSE)) -> 0.0018450185
A117: Cordarrelle Patterson | B117: ATL | C117: RB | D117: 0 | E117: 1 | F117: 0 | G117: 0 | H117: 0 | I117: 0 | J117: 0 | K117: =E117/(VLOOKUP(B117,'[1]2021 Team'!$B$2:$G$33,2,FALSE)) -> 0.0017452007
A118: Brett Rypien | B118: DEN | C118: QB | D118: 0 | E118: 2 | F118: 0 | G118: 0 | H118: 0 | I118: 0 | J118: 0 | K118: =E118/(VLOOKUP(B118,'[1]2021 Team'!$B$2:$G$33,2,FALSE)) -> 0.0036968577
A119: D'Andre Swift | B119: DET | C119: RB | D119: 0 | E119: 1 | F119: 0 | G119: 0 | H119: 0 | I119: 0 | J119: 0 | K119: =E119/(VLOOKUP(B119,'[1]2021 Team'!$B$2:$G$33,2,FALSE)) -> 0.0016863406
A120: Albert Wilson | B120: MIA | C120: WR | D120: 0 | E120: 1 | F120: 0 | G120: 1 | H120: 0 | I120: 0 | J120: 0 | K120: =E120/(VLOOKUP(B120,'[1]2021 Team'!$B$2:$G$33,2,FALSE)) -> 0.0016260163
A121: Brandon Zylstra | B121: CAR | C121: WR | D121: 0 | E121: 1 | F121: 0 | G121: 0 | H121: 0 | I121: 0 | J121: 0 | K121: =E121/(VLOOKUP(B121,'[1]2021 Team'!$B$2:$G$33,2,FALSE)) -> 0.0016694491

Sheet 2025 Rushing
A1: Player | B1: Team | C1: Pos | D1: Att | E1: Yds | F1: TD | G1: TD % | H1: Y/A | I1: Rushing Share
A2: Derrick Henry | B2: BAL | C2: RB | D2: 307 | E2: 1595 | F2: 16 | G2: =F2/D2 -> 0.052117264 | H2: 5.2 | I2: =D2/(VLOOKUP(B2,'2025 Team'!$B$2:$G$33,3,FALSE)) -> 0.60552268
A3: James Cook | B3: BUF | C3: RB | D3: 309 | E3: 1621 | F3: 12 | G3: =F3/D3 -> 0.038834951 | H3: 5.2 | I3: =D3/(VLOOKUP(B3,'2025 Team'!$B$2:$G$33,3,FALSE)) -> 0.56489945
A4: Jonathan Taylor | B4: IND | C4: RB | D4: 323 | E4: 1585 | F4: 18 | G4: =F4/D4 -> 0.055727554 | H4: 4.9 | I4: =D4/(VLOOKUP(B4,'2025 Team'!$B$2:$G$33,3,FALSE)) -> 0.73076923
A5: Saquon Barkley | B5: PHI | C5: RB | D5: 280 | E5: 1140 | F5: 7 | G5: =F5/D5 -> 0.025 | H5: 4.1 | I5: =D5/(VLOOKUP(B5,'2025 Team'!$B$2:$G$33,3,FALSE)) -> 0.58577406
A6: Christian McCaffrey | B6: SFO | C6: RB | D6: 311 | E6: 1202 | F6: 10 | G6: =F6/D6 -> 0.032154341 | H6: 3.9 | I6: =D6/(VLOOKUP(B6,'2025 Team'!$B$2:$G$33,3,FALSE)) -> 0.64656965
A7: Bijan Robinson | B7: ATL | C7: RB | D7: 287 | E7: 1478 | F7: 7 | G7: =F7/D7 -> 0.024390244 | H7: 5.1 | I7: =D7/(VLOOKUP(B7,'2025 Team'!$B$2:$G$33,3,FALSE)) -> 0.60167715
A8: Ashton Jeanty | B8: LVR | C8: RB | D8: 266 | E8: 975 | F8: 5 | G8: =F8/D8 -> 0.018796992 | H8: 3.7 | I8: =D8/(VLOOKUP(B8,'2025 Team'!$B$2:$G$33,3,FALSE)) -> 0.72086721
A9: De'Von Achane | B9: MIA | C9: RB | D9: 238 | E9: 1350 | F9: 8 | G9: =F9/D9 -> 0.033613445 | H9: 5.7 | I9: =D9/(VLOOKUP(B9,'2025 Team'!$B$2:$G$33,3,FALSE)) -> 0.55092593
A10: Breece Hall | B10: NYJ | C10: RB | D10: 243 | E10: 1065 | F10: 4 | G10: =F10/D10 -> 0.016460905 | H10: 4.4 | I10: =D10/(VLOOKUP(B10,'2025 Team'!$B$2:$G$33,3,FALSE)) -> 0.53289474
A11: Josh Jacobs | B11: GNB | C11: RB | D11: 234 | E11: 929 | F11: 13 | G11: =F11/D11 -> 0.055555556 | H11: 4.0 | I11: =D11/(VLOOKUP(B11,'2025 Team'!$B$2:$G$33,3,FALSE)) -> 0.47560976
A12: Travis Etienne | B12: JAX | C12: RB | D12: 260 | E12: 1107 | F12: 7 | G12: =F12/D12 -> 0.026923077 | H12: 4.3 | I12: =D12/(VLOOKUP(B12,'2025 Team'!$B$2:$G$33,3,FALSE)) -> 0.53169734
A13: Kenneth Walker III | B13: SEA | C13: RB | D13: 221 | E13: 1027 | F13: 5 | G13: =F13/D13 -> 0.022624434 | H13: 4.6 | I13: =D13/(VLOOKUP(B13,'2025 Team'!$B$2:$G$33,3,FALSE)) -> 0.43589744
... A343: D'Ernest Johnson | B343: ARI | C343: RB | D343: 1 | E343: 0 | F343: 0 | G343: =F343/D343 -> 0 | H343: 0.0 | I343: =D343/(VLOOKUP(B343,'2025 Team'!$B$2:$G$33,3,FALSE)) -> 0.0027322404
A344: Andre Baccellia | B344: ARI | C344: WR | D344: 0 | E344: 0 | F344: 0 | G344: =F344/D344 -> #DIV/0! | I344: =D344/(VLOOKUP(B344,'2025 Team'!$B$2:$G$33,3,FALSE)) -> 0
A345: Jalen Brooks | B345: ARI | C345: WR | D345: 0 | E345: 0 | F345: 0 | G345: =F345/D345 -> #DIV/0! | I345: =D345/(VLOOKUP(B345,'2025 Team'!$B$2:$G$33,3,FALSE)) -> 0
A346: Pharaoh Brown | B346: ARI | C346: TE | D346: 0 | E346: 0 | F346: 0 | G346: =F346/D346 -> #DIV/0! | I346: =D346/(VLOOKUP(B346,'2025 Team'!$B$2:$G$33,3,FALSE)) -> 0
A347: Josiah Deguara | B347: ARI | C347: TE | D347: 0 | E347: 0 | F347: 0 | G347: =F347/D347 -> #DIV/0! | I347: =D347/(VLOOKUP(B347,'2025 Team'!$B$2:$G$33,3,FALSE)) -> 0
A348: Marvin Harrison Jr. | B348: ARI | C348: WR | D348: 0 | E348: 0 | F348: 0 | G348: =F348/D348 -> #DIV/0! | I348: =D348/(VLOOKUP(B348,'2025 Team'!$B$2:$G$33,3,FALSE)) -> 0
A349: Elijah Higgins | B349: ARI | C349: TE | D349: 0 | E349: 0 | F349: 0 | G349: =F349/D349 -> #DIV/0! | I349: =D349/(VLOOKUP(B349,'2025 Team'!$B$2:$G$33,3,FALSE)) -> 0
A350: Zay Jones | B350: ARI | C350: WR | D350: 0 | E350: 0 | F350: 0 | G350: =F350/D350 -> #DIV/0! | I350: =D350/(VLOOKUP(B350,'2025 Team'!$B$2:$G$33,3,FALSE)) -> 0
A351: Trey McBride | B351: ARI | C351: TE | D351: 0 | E351: 0 | F351: 0 | G351: =F351/D351 -> #DIV/0! | I351: =D351/(VLOOKUP(B351,'2025 Team'!$B$2:$G$33,3,FALSE)) -> 0
A352: Tip Reiman | B352: ARI | C352: TE | D352: 0 | E352: 0 | F352: 0 | G352: =F352/D352 -> #DIV/0! | I352: =D352/(VLOOKUP(B352,'2025 Team'!$B$2:$G$33,3,FALSE)) -> 0
A353: Trent Sherfield | B353: ARI | C353: WR | D353: 0 | E353: 0 | F353: 0 | G353: =F353/D353 -> #DIV/0! | I353: =D353/(VLOOKUP(B353,'2025 Team'!$B$2:$G$33,3,FALSE)) -> 0
A354: Steven Sims | B354: ARI | C354: WR | D354: 0 | E354: 0 | F354: 0 | G354: =F354/D354 -> #DIV/0! | I354: =D354/(VLOOKUP(B354,'2025 Team'!$B$2:$G$33,3,FALSE)) -> 0
A355: Xavier Weaver | B355: ARI | C355: WR | D355: 0 | E355: 0 | F355: 0 | G355: =F355/D355 -> #DIV/0! | I355: =D355/(VLOOKUP(B355,'2025 Team'!$B$2:$G$33,3,FALSE)) -> 0
... A616: Colson Yankoff | B616: WAS | C616: TE | D616: 0 | E616: 0 | F616: 0 | G616: =F616/D616 -> #DIV/0! | I616: =D616/(VLOOKUP(B616,'2025 Team'!$B$2:$G$33,3,FALSE)) -> 0

Sheet 2024 Rushing
A1: Player | B1: Team | C1: Pos | D1: Att | E1: Yds | F1: TD | G1: TD % | H1: Y/A | I1: Rushing Share
A2: Saquon Barkley | B2: PHI | C2: RB | D2: 345 | E2: 2005 | F2: 13 | G2: =F2/D2 -> 0.037681159 | H2: 5.8 | I2: =D2/(VLOOKUP(B2,'2024 Team'!$B$2:$G$33,3,FALSE)) -> 0.55555556
A3: Derrick Henry | B3: BAL | C3: RB | D3: 325 | E3: 1921 | F3: 16 | G3: =F3/D3 -> 0.049230769 | H3: 5.9 | I3: =D3/(VLOOKUP(B3,'2024 Team'!$B$2:$G$33,3,FALSE)) -> 0.5866426
A4: Kyren Williams | B4: LAR | C4: RB | D4: 316 | E4: 1299 | F4: 14 | G4: =F4/D4 -> 0.044303797 | H4: 4.1 | I4: =D4/(VLOOKUP(B4,'2024 Team'!$B$2:$G$33,3,FALSE)) -> 0.70222222
A5: Bijan Robinson | B5: ATL | C5: RB | D5: 304 | E5: 1456 | F5: 14 | G5: =F5/D5 -> 0.046052632 | H5: 4.8 | I5: =D5/(VLOOKUP(B5,'2024 Team'!$B$2:$G$33,3,FALSE)) -> 0.61414141
A6: Jonathan Taylor | B6: IND | C6: RB | D6: 303 | E6: 1431 | F6: 11 | G6: =F6/D6 -> 0.03630363 | H6: 4.7 | I6: =D6/(VLOOKUP(B6,'2024 Team'!$B$2:$G$33,3,FALSE)) -> 0.6108871
A7: Josh Jacobs | B7: GNB | C7: RB | D7: 301 | E7: 1329 | F7: 15 | G7: =F7/D7 -> 0.049833887 | H7: 4.4 | I7: =D7/(VLOOKUP(B7,'2024 Team'!$B$2:$G$33,3,FALSE)) -> 0.57224335
A8: Najee Harris | B8: PIT | C8: RB | D8: 263 | E8: 1043 | F8: 6 | G8: =F8/D8 -> 0.022813688 | H8: 4.0 | I8: =D8/(VLOOKUP(B8,'2024 Team'!$B$2:$G$33,3,FALSE)) -> 0.4934334
A9: Tony Pollard | B9: TEN | C9: RB | D9: 260 | E9: 1079 | F9: 5 | G9: =F9/D9 -> 0.019230769 | H9: 4.2 | I9: =D9/(VLOOKUP(B9,'2024 Team'!$B$2:$G$33,3,FALSE)) -> 0.57777778
A10: Aaron Jones | B10: MIN | C10: RB | D10: 255 | E10: 1138 | F10: 5 | G10: =F10/D10 -> 0.019607843 | H10: 4.5 | I10: =D10/(VLOOKUP(B10,'2024 Team'!$B$2:$G$33,3,FALSE)) -> 0.55798687
A11: D'Andre Swift | B11: CHI | C11: RB | D11: 253 | E11: 959 | F11: 6 | G11: =F11/D11 -> 0.023715415 | H11: 3.8 | I11: =D11/(VLOOKUP(B11,'2024 Team'!$B$2:$G$33,3,FALSE)) -> 0.58700696
A12: Jahmyr Gibbs | B12: DET | C12: RB | D12: 250 | E12: 1412 | F12: 16 | G12: =F12/D12 -> 0.064 | H12: 5.6 | I12: =D12/(VLOOKUP(B12,'2024 Team'!$B$2:$G$33,3,FALSE)) -> 0.46816479
A13: Chuba Hubbard | B13: CAR | C13: RB | D13: 250 | E13: 1195 | F13: 10 | G13: =F13/D13 -> 0.04 | H13: 4.8 | I13: =D13/(VLOOKUP(B13,'2024 Team'!$B$2:$G$33,3,FALSE)) -> 0.6097561
... A267: Diontae Johnson | B267: CAR | C267: WR | D267: 2 | E267: 6 | F267: 0 | G267: =F267/D267 -> 0 | H267: 3.0 | I267: =D267/(VLOOKUP(B267,'2024 Team'!$B$2:$G$33,3,FALSE)) -> 0.0048780488
A268: Diontae Johnson | B268: BAL | C268: WR | D268: 0 | E268: 0 | F268: 0 | G268: =F268/D268 -> #DIV/0! | I268: =D268/(VLOOKUP(B268,'2024 Team'!$B$2:$G$33,3,FALSE)) -> 0
A269: Diontae Johnson | B269: HOU | C269: WR | D269: 0 | E269: 0 | F269: 0 | G269: =F269/D269 -> #DIV/0! | I269: =D269/(VLOOKUP(B269,'2024 Team'!$B$2:$G$33,3,FALSE)) -> 0
A270: Kameron Johnson | B270: TAM | C270: WR | D270: 2 | E270: 11 | F270: 0 | G270: =F270/D270 -> 0 | H270: 5.5 | I270: =D270/(VLOOKUP(B270,'2024 Team'!$B$2:$G$33,3,FALSE)) -> 0.0041407867
A271: Cooper Kupp | B271: LAR | C271: WR | D271: 2 | E271: 10 | F271: 0 | G271: =F271/D271 -> 0 | H271: 5.0 | I271: =D271/(VLOOKUP(B271,'2024 Team'!$B$2:$G$33,3,FALSE)) -> 0.0044444444
A272: Tyreik McAllister | B272: LVR | C272: WR | D272: 2 | E272: 11 | F272: 0 | G272: =F272/D272 -> 0 | H272: 5.5 | I272: =D272/(VLOOKUP(B272,'2024 Team'!$B$2:$G$33,3,FALSE)) -> 0.0052631579
A273: Terry McLaurin | B273: WAS | C273: WR | D273: 2 | E273: 2 | F273: 0 | G273: =F273/D273 -> 0 | H273: 1.0 | I273: =D273/(VLOOKUP(B273,'2024 Team'!$B$2:$G$33,3,FALSE)) -> 0.0038022814
A274: Jakobi Meyers | B274: LVR | C274: WR | D274: 2 | E274: 23 | F274: 0 | G274: =F274/D274 -> 0 | H274: 11.5 | I274: =D274/(VLOOKUP(B274,'2024 Team'!$B$2:$G$33,3,FALSE)) -> 0.0052631579
A275: Jonathan Mingo | B275: CAR | C275: WR | D275: 2 | E275: 5 | F275: 0 | G275: =F275/D275 -> 0 | H275: 2.5 | I275: =D275/(VLOOKUP(B275,'2024 Team'!$B$2:$G$33,3,FALSE)) -> 0.0048780488
A276: Jonathan Mingo | B276: DAL | C276: WR | D276: 0 | E276: 0 | F276: 0 | G276: =F276/D276 -> #DIV/0! | I276: =D276/(VLOOKUP(B276,'2024 Team'!$B$2:$G$33,3,FALSE)) -> 0
A277: George Pickens | B277: PIT | C277: WR | D277: 2 | E277: -6 | F277: 0 | G277: =F277/D277 -> 0 | H277: -3.0 | I277: =D277/(VLOOKUP(B277,'2024 Team'!$B$2:$G$33,3,FALSE)) -> 0.0037523452
A278: Kalif Raymond | B278: DET | C278: WR | D278: 2 | E278: 0 | F278: 0 | G278: =F278/D278 -> 0 | H278: 0.0 | I278: =D278/(VLOOKUP(B278,'2024 Team'!$B$2:$G$33,3,FALSE)) -> 0.0037453184
A279: Khalil Shakir | B279: BUF | C279: WR | D279: 2 | E279: 4 | F279: 0 | G279: =F279/D279 -> 0 | H279: 2.0 | I279: =D279/(VLOOKUP(B279,'2024 Team'!$B$2:$G$33,3,FALSE)) -> 0.0040733198
A280: Darius Slayton | B280: NYG | C280: WR | D280: 2 | E280: 17 | F280: 0 | G280: =F280/D280 -> 0 | H280: 8.5 | I280: =D280/(VLOOKUP(B280,'2024 Team'!$B$2:$G$33,3,FALSE)) -> 0.0047169811
A281: Ainias Smith | B281: PHI | C281: WR | D281: 2 | E281: 6 | F281: 0 | G281: =F281/D281 -> 0 | H281: 3.0 | I281: =D281/(VLOOKUP(B281,'2024 Team'!$B$2:$G$33,3,FALSE)) -> 0.0032206119
A282: Jonnu Smith | B282: MIA | C282: TE | D282: 2 | E282: -1 | F282: 0 | G282: =F282/D282 -> 0 | H282: -0.5 | I282: =D282/(VLOOKUP(B282,'2024 Team'!$B$2:$G$33,3,FALSE)) -> 0.0044642857
A283: Amon-Ra St. Brown | B283: DET | C283: WR | D283: 2 | E283: 6 | F283: 0 | G283: =F283/D283 -> 0 | H283: 3.0 | I283: =D283/(VLOOKUP(B283,'2024 Team'!$B$2:$G$33,3,FALSE)) -> 0.0037453184
A284: Deven Thompkins | B284: CAR | C284: WR | D284: 2 | E284: 7 | F284: 0 | G284: =F284/D284 -> 0 | H284: 3.5 | I284: =D284/(VLOOKUP(B284,'2024 Team'!$B$2:$G$33,3,FALSE)) -> 0.0048780488
A285: Kadarius Toney | B285: CLE | C285: WR | D285: 2 | E285: -4 | F285: 0 | G285: =F285/D285 -> 0 | H285: -2.0 | I285: =D285/(VLOOKUP(B285,'2024 Team'!$B$2:$G$33,3,FALSE)) -> 0.0051150895
A286: Ke'Shawn Vaughn | B286: SFO | C286: RB | D286: 2 | E286: 4 | F286: 0 | G286: =F286/D286 -> 0 | H286: 2.0 | I286: =D286/(VLOOKUP(B286,'2024 Team'!$B$2:$G$33,3,FALSE)) -> 0.0043763676
A287: Jordan Whittington | B287: LAR | C287: WR | D287: 2 | E287: 12 | F287: 0 | G287: =F287/D287 -> 0 | H287: 6.0 | I287: =D287/(VLOOKUP(B287,'2024 Team'!$B$2:$G$33,3,FALSE)) -> 0.0044444444
A288: Garrett Wilson | B288: NYJ | C288: WR | D288: 2 | E288: 5 | F288: 0 | G288: =F288/D288 -> 0 | H288: 2.5 | I288: =D288/(VLOOKUP(B288,'2024 Team'!$B$2:$G$33,3,FALSE)) -> 0.0055096419
... A338: Cedric Tillman | B338: CLE | C338: WR | D338: 1 | E338: -5 | F338: 0 | G338: =F338/D338 -> 0 | H338: -5.0 | I338: =D338/(VLOOKUP(B338,'2024 Team'!$B$2:$G$33,3,FALSE)) -> 0.0025575448
A339: Marquez Valdes-Scantling | B339: BUF | C339: WR | D339: 0 | E339: 0 | F339: 0 | G339: =F339/D339 -> #DIV/0! | I339: =D339/(VLOOKUP(B339,'2024 Team'!$B$2:$G$33,3,FALSE)) -> 0
A340: Marquez Valdes-Scantling | B340: NOR | C340: WR | D340: 1 | E340: 4 | F340: 0 | G340: =F340/D340 -> 0 | H340: 4.0 | I340: =D340/(VLOOKUP(B340,'2024 Team'!$B$2:$G$33,3,FALSE)) -> 0.0022522523
A341: Michael Wilson | B341: ARI | C341: WR | D341: 1 | E341: 7 | F341: 0 | G341: =F341/D341 -> 0 | H341: 7.0 | I341: =D341/(VLOOKUP(B341,'2024 Team'!$B$2:$G$33,3,FALSE)) -> 0.0021598272
A342: Olamide Zaccheaus | B342: WAS | C342: WR | D342: 1 | E342: 8 | F342: 0 | G342: =F342/D342 -> 0 | H342: 8.0 | I342: =D342/(VLOOKUP(B342,'2024 Team'!$B$2:$G$33,3,FALSE)) -> 0.0019011407
A343: Davante Adams | B343: LVR | C343: WR | D343: 0 | E343: 0 | F343: 0 | G343: =F343/D343 -> #DIV/0! | I343: =D343/(VLOOKUP(B343,'2024 Team'!$B$2:$G$33,3,FALSE)) -> 0
A344: Davante Adams | B344: NYJ | C344: WR | D344: 0 | E344: 0 | F344: 0 | G344: =F344/D344 -> #DIV/0! | I344: =D344/(VLOOKUP(B344,'2024 Team'!$B$2:$G$33,3,FALSE)) -> 0
A345: Nate Adkins | B345: DEN | C345: TE | D345: 0 | E345: 0 | F345: 0 | G345: =F345/D345 -> #DIV/0! | I345: =D345/(VLOOKUP(B345,'2024 Team'!$B$2:$G$33,3,FALSE)) -> 0
A346: Nelson Agholor | B346: BAL | C346: WR | D346: 0 | E346: 0 | F346: 0 | G346: =F346/D346 -> #DIV/0! | I346: =D346/(VLOOKUP(B346,'2024 Team'!$B$2:$G$33,3,FALSE)) -> 0
A347: Brandon Aiyuk | B347: SFO | C347: WR | D347: 0 | E347: 0 | F347: 0 | G347: =F347/D347 -> #DIV/0! | I347: =D347/(VLOOKUP(B347,'2024 Team'!$B$2:$G$33,3,FALSE)) -> 0
A348: Jordan Akins | B348: CLE | C348: TE | D348: 0 | E348: 0 | F348: 0 | G348: =F348/D348 -> #DIV/0! | I348: =D348/(VLOOKUP(B348,'2024 Team'!$B$2:$G$33,3,FALSE)) -> 0
A349: Mo Alie-Cox | B349: IND | C349: TE | D349: 0 | E349: 0 | F349: 0 | G349: =F349/D349 -> #DIV/0! | I349: =D349/(VLOOKUP(B349,'2024 Team'!$B$2:$G$33,3,FALSE)) -> 0
A350: Erick All | B350: CIN | C350: TE | D350: 0 | E350: 0 | F350: 0 | G350: =F350/D350 -> #DIV/0! | I350: =D350/(VLOOKUP(B350,'2024 Team'!$B$2:$G$33,3,FALSE)) -> 0
A351: Davis Allen | B351: LAR | C351: TE | D351: 0 | E351: 0 | F351: 0 | G351: =F351/D351 -> #DIV/0! | I351: =D351/(VLOOKUP(B351,'2024 Team'!$B$2:$G$33,3,FALSE)) -> 0
A352: Keenan Allen | B352: CHI | C352: WR | D352: 0 | E352: 0 | F352: 0 | G352: =F352/D352 -> #DIV/0! | I352: =D352/(VLOOKUP(B352,'2024 Team'!$B$2:$G$33,3,FALSE)) -> 0
A353: Calvin Austin III | B353: PIT | C353: WR | D353: 0 | E353: 0 | F353: 0 | G353: =F353/D353 -> #DIV/0! | I353: =D353/(VLOOKUP(B353,'2024 Team'!$B$2:$G$33,3,FALSE)) -> 0
A354: Alex Bachman | B354: LVR | C354: WR | D354: 0 | E354: 0 | F354: 0 | G354: =F354/D354 -> #DIV/0! | I354: =D354/(VLOOKUP(B354,'2024 Team'!$B$2:$G$33,3,FALSE)) -> 0
... A609: Shane Zylstra | B609: DET | C609: TE | D609: 0 | E609: 0 | F609: 0 | G609: =F609/D609 -> #DIV/0! | I609: =D609/(VLOOKUP(B609,'2024 Team'!$B$2:$G$33,3,FALSE)) -> 0
A610: League Average | G610: =F610/D610 -> #DIV/0! | H610: 4.4 | I610: =D610/(VLOOKUP(B610,'2024 Team'!$B$2:$G$33,3,FALSE)) -> #N/A

Sheet 2023 Rushing
A1: Player | B1: Team | C1: Pos | D1: Att | E1: Yds | F1: TD | G1: TD % | H1: Y/A | I1: Rushing Share
A2: Derrick Henry | B2: TEN | C2: RB | D2: 280 | E2: 1167 | F2: 12 | G2: =F2/D2 -> 0.042857143 | H2: 4.2 | I2: =D2/(VLOOKUP(B2,'2023 Team'!$B$2:$G$33,3,FALSE)) -> 0.63063063
A3: Christian McCaffrey | B3: SFO | C3: RB | D3: 272 | E3: 1459 | F3: 14 | G3: =F3/D3 -> 0.051470588 | H3: 5.4 | I3: =D3/(VLOOKUP(B3,'2023 Team'!$B$2:$G$33,3,FALSE)) -> 0.54509018
A4: Rachaad White | B4: TAM | C4: RB | D4: 272 | E4: 990 | F4: 6 | G4: =F4/D4 -> 0.022058824 | H4: 3.6 | I4: =D4/(VLOOKUP(B4,'2023 Team'!$B$2:$G$33,3,FALSE)) -> 0.61958998
A5: Travis Etienne | B5: JAX | C5: RB | D5: 267 | E5: 1008 | F5: 11 | G5: =F5/D5 -> 0.041198502 | H5: 3.8 | I5: =D5/(VLOOKUP(B5,'2023 Team'!$B$2:$G$33,3,FALSE)) -> 0.58940397
A6: Joe Mixon | B6: CIN | C6: RB | D6: 257 | E6: 1034 | F6: 9 | G6: =F6/D6 -> 0.035019455 | H6: 4.0 | I6: =D6/(VLOOKUP(B6,'2023 Team'!$B$2:$G$33,3,FALSE)) -> 0.67101828
A7: Najee Harris | B7: PIT | C7: RB | D7: 255 | E7: 1035 | F7: 8 | G7: =F7/D7 -> 0.031372549 | H7: 4.1 | I7: =D7/(VLOOKUP(B7,'2023 Team'!$B$2:$G$33,3,FALSE)) -> 0.52361396
A8: Tony Pollard | B8: DAL | C8: RB | D8: 252 | E8: 1005 | F8: 6 | G8: =F8/D8 -> 0.023809524 | H8: 4.0 | I8: =D8/(VLOOKUP(B8,'2023 Team'!$B$2:$G$33,3,FALSE)) -> 0.53846154
A9: Saquon Barkley | B9: NYG | C9: RB | D9: 247 | E9: 962 | F9: 6 | G9: =F9/D9 -> 0.024291498 | H9: 3.9 | I9: =D9/(VLOOKUP(B9,'2023 Team'!$B$2:$G$33,3,FALSE)) -> 0.54405286
A10: Chuba Hubbard | B10: CAR | C10: RB | D10: 238 | E10: 902 | F10: 5 | G10: =F10/D10 -> 0.021008403 | H10: 3.8 | I10: =D10/(VLOOKUP(B10,'2023 Team'!$B$2:$G$33,3,FALSE)) -> 0.53483146
A11: James Cook | B11: BUF | C11: RB | D11: 237 | E11: 1122 | F11: 2 | G11: =F11/D11 -> 0.0084388186 | H11: 4.7 | I11: =D11/(VLOOKUP(B11,'2023 Team'!$B$2:$G$33,3,FALSE)) -> 0.46289062
A12: Josh Jacobs | B12: LVR | C12: RB | D12: 233 | E12: 805 | F12: 6 | G12: =F12/D12 -> 0.025751073 | H12: 3.5 | I12: =D12/(VLOOKUP(B12,'2023 Team'!$B$2:$G$33,3,FALSE)) -> 0.56416465
A13: D'Andre Swift | B13: PHI | C13: RB | D13: 229 | E13: 1049 | F13: 5 | G13: =F13/D13 -> 0.021834061 | H13: 4.6 | I13: =D13/(VLOOKUP(B13,'2023 Team'!$B$2:$G$33,3,FALSE)) -> 0.44901961
... A312: C.J. Ham | B312: MIN | C312: FB | D312: 1 | E312: 7 | F312: 0 | G312: =F312/D312 -> 0 | H312: 7.0 | I312: =D312/(VLOOKUP(B312,'2023 Team'!$B$2:$G$33,3,FALSE)) -> 0.0025445293
A313: Mecole Hardman | B313: NYJ | C313: WR | D313: 0 | E313: 0 | F313: 0 | G313: =F313/D313 -> #DIV/0! | I313: =D313/(VLOOKUP(B313,'2023 Team'!$B$2:$G$33,3,FALSE)) -> 0
A314: Mecole Hardman | B314: KAN | C314: WR | D314: 1 | E314: 3 | F314: 0 | G314: =F314/D314 -> 0 | H314: 3.0 | I314: =D314/(VLOOKUP(B314,'2023 Team'!$B$2:$G$33,3,FALSE)) -> 0.0023980815
A315: Johnny Hekker | B315: CAR | C315: P | D315: 1 | E315: -11 | F315: 0 | G315: =F315/D315 -> 0 | H315: -11.0 | I315: =D315/(VLOOKUP(B315,'2023 Team'!$B$2:$G$33,3,FALSE)) -> 0.002247191
A316: Peyton Hendershot | B316: DAL | C316: TE | D316: 1 | E316: 0 | F316: 0 | G316: =F316/D316 -> 0 | H316: 0.0 | I316: =D316/(VLOOKUP(B316,'2023 Team'!$B$2:$G$33,3,FALSE)) -> 0.0021367521
A317: Connor Heyward | B317: PIT | C317: TE | D317: 1 | E317: 0 | F317: 0 | G317: =F317/D317 -> 0 | H317: 0.0 | I317: =D317/(VLOOKUP(B317,'2023 Team'!$B$2:$G$33,3,FALSE)) -> 0.0020533881
A318: KhaDarel Hodge | B318: ATL | C318: WR | D318: 1 | E318: 0 | F318: 0 | G318: =F318/D318 -> 0 | H318: 0.0 | I318: =D318/(VLOOKUP(B318,'2023 Team'!$B$2:$G$33,3,FALSE)) -> 0.0019157088
A319: Amani Hooker | B319: TEN | C319: DB | D319: 1 | E319: 2 | F319: 0 | G319: =F319/D319 -> 0 | H319: 2.0 | I319: =D319/(VLOOKUP(B319,'2023 Team'!$B$2:$G$33,3,FALSE)) -> 0.0022522523
A320: Evan Hull | B320: IND | C320: RB | D320: 1 | E320: 1 | F320: 0 | G320: =F320/D320 -> 0 | H320: 1.0 | I320: =D320/(VLOOKUP(B320,'2023 Team'!$B$2:$G$33,3,FALSE)) -> 0.0020876827
A321: Rakim Jarrett | B321: TAM | C321: WR | D321: 1 | E321: 0 | F321: 0 | G321: =F321/D321 -> 0 | H321: 0.0 | I321: =D321/(VLOOKUP(B321,'2023 Team'!$B$2:$G$33,3,FALSE)) -> 0.0022779043
A322: Justin Jefferson | B322: MIN | C322: WR | D322: 1 | E322: -12 | F322: 0 | G322: =F322/D322 -> 0 | H322: -12.0 | I322: =D322/(VLOOKUP(B322,'2023 Team'!$B$2:$G$33,3,FALSE)) -> 0.0025445293
A323: Van Jefferson | B323: LAR | C323: WR | D323: 1 | E323: 4 | F323: 0 | G323: =F323/D323 -> 0 | H323: 4.0 | I323: =D323/(VLOOKUP(B323,'2023 Team'!$B$2:$G$33,3,FALSE)) -> 0.0020964361
A324: Van Jefferson | B324: ATL | C324: WR | D324: 0 | E324: 0 | F324: 0 | G324: =F324/D324 -> #DIV/0! | I324: =D324/(VLOOKUP(B324,'2023 Team'!$B$2:$G$33,3,FALSE)) -> 0
A325: Cameron Johnston | B325: HOU | C325: P | D325: 1 | E325: -23 | F325: 0 | G325: =F325/D325 -> 0 | H325: -23.0 | I325: =D325/(VLOOKUP(B325,'2023 Team'!$B$2:$G$33,3,FALSE)) -> 0.0022522523
A326: Christian Kirk | B326: JAX | C326: WR | D326: 1 | E326: 6 | F326: 0 | G326: =F326/D326 -> 0 | H326: 6.0 | I326: =D326/(VLOOKUP(B326,'2023 Team'!$B$2:$G$33,3,FALSE)) -> 0.0022075055
A327: George Kittle | B327: SFO | C327: TE | D327: 1 | E327: 2 | F327: 0 | G327: =F327/D327 -> 0 | H327: 2.0 | I327: =D327/(VLOOKUP(B327,'2023 Team'!$B$2:$G$33,3,FALSE)) -> 0.002004008
A328: Cooper Kupp | B328: LAR | C328: WR | D328: 1 | E328: -3 | F328: 0 | G328: =F328/D328 -> 0 | H328: -3.0 | I328: =D328/(VLOOKUP(B328,'2023 Team'!$B$2:$G$33,3,FALSE)) -> 0.0020964361
A329: Sam LaPorta | B329: DET | C329: TE | D329: 1 | E329: 4 | F329: 0 | G329: =F329/D329 -> 0 | H329: 4.0 | I329: =D329/(VLOOKUP(B329,'2023 Team'!$B$2:$G$33,3,FALSE)) -> 0.002
A330: John Metchie | B330: HOU | C330: WR | D330: 1 | E330: 4 | F330: 0 | G330: =F330/D330 -> 0 | H330: 4.0 | I330: =D330/(VLOOKUP(B330,'2023 Team'!$B$2:$G$33,3,FALSE)) -> 0.0022522523
A331: Nick Niemann | B331: LAC | C331: LB | D331: 1 | E331: 0 | F331: 0 | G331: =F331/D331 -> 0 | H331: 0.0 | I331: =D331/(VLOOKUP(B331,'2023 Team'!$B$2:$G$33,3,FALSE)) -> 0.0023201856
A332: Keisean Nixon | B332: GNB | C332: CB | D332: 1 | E332: 11 | F332: 0 | G332: =F332/D332 -> 0 | H332: 11.0 | I332: =D332/(VLOOKUP(B332,'2023 Team'!$B$2:$G$33,3,FALSE)) -> 0.0022675737
A333: Josh Palmer | B333: LAC | C333: WR | D333: 1 | E333: 6 | F333: 0 | G333: =F333/D333 -> 0 | H333: 6.0 | I333: =D333/(VLOOKUP(B333,'2023 Team'!$B$2:$G$33,3,FALSE)) -> 0.0023201856
A334: Kyle Pitts | B334: ATL | C334: TE | D334: 1 | E334: -4 | F334: 0 | G334: =F334/D334 -> 0 | H334: -4.0 | I334: =D334/(VLOOKUP(B334,'2023 Team'!$B$2:$G$33,3,FALSE)) -> 0.0019157088
A335: Jalen Reagor | B335: NWE | C335: WR | D335: 1 | E335: 17 | F335: 0 | G335: =F335/D335 -> 0 | H335: 17.0 | I335: =D335/(VLOOKUP(B335,'2023 Team'!$B$2:$G$33,3,FALSE)) -> 0.0024096386
A336: Rashee Rice | B336: KAN | C336: WR | D336: 1 | E336: -3 | F336: 0 | G336: =F336/D336 -> 0 | H336: -3.0 | I336: =D336/(VLOOKUP(B336,'2023 Team'!$B$2:$G$33,3,FALSE)) -> 0.0023980815
... A356: Ty Zentner | B356: TEN | C356: P | D356: 1 | E356: 0 | F356: 0 | G356: =F356/D356 -> 0 | H356: 0.0 | I356: =D356/(VLOOKUP(B356,'2023 Team'!$B$2:$G$33,3,FALSE)) -> 0.0022522523
A357: Davante Adams | B357: LVR | C357: WR | D357: 0 | E357: 0 | F357: 0 | G357: =F357/D357 -> #DIV/0! | I357: =D357/(VLOOKUP(B357,'2023 Team'!$B$2:$G$33,3,FALSE)) -> 0
A358: Nate Adkins | B358: DEN | C358: TE | D358: 0 | E358: 0 | F358: 0 | G358: =F358/D358 -> #DIV/0! | I358: =D358/(VLOOKUP(B358,'2023 Team'!$B$2:$G$33,3,FALSE)) -> 0
A359: Nelson Agholor | B359: BAL | C359: WR | D359: 0 | E359: 0 | F359: 0 | G359: =F359/D359 -> #DIV/0! | I359: =D359/(VLOOKUP(B359,'2023 Team'!$B$2:$G$33,3,FALSE)) -> 0
A360: Brandon Aiyuk | B360: SFO | C360: WR | D360: 0 | E360: 0 | F360: 0 | G360: =F360/D360 -> #DIV/0! | I360: =D360/(VLOOKUP(B360,'2023 Team'!$B$2:$G$33,3,FALSE)) -> 0
A361: Jordan Akins | B361: CLE | C361: TE | D361: 0 | E361: 0 | F361: 0 | G361: =F361/D361 -> #DIV/0! | I361: =D361/(VLOOKUP(B361,'2023 Team'!$B$2:$G$33,3,FALSE)) -> 0
A362: Mo Alie-Cox | B362: IND | C362: TE | D362: 0 | E362: 0 | F362: 0 | G362: =F362/D362 -> #DIV/0! | I362: =D362/(VLOOKUP(B362,'2023 Team'!$B$2:$G$33,3,FALSE)) -> 0
A363: Davis Allen | B363: LAR | C363: TE | D363: 0 | E363: 0 | F363: 0 | G363: =F363/D363 -> #DIV/0! | I363: =D363/(VLOOKUP(B363,'2023 Team'!$B$2:$G$33,3,FALSE)) -> 0
A364: Alex Armah | B364: WAS | C364: RB | D364: 0 | E364: 0 | F364: 0 | G364: =F364/D364 -> #DIV/0! | I364: =D364/(VLOOKUP(B364,'2023 Team'!$B$2:$G$33,3,FALSE)) -> 0
A365: John Bates | B365: WAS | C365: TE | D365: 0 | E365: 0 | F365: 0 | G365: =F365/D365 -> #DIV/0! | I365: =D365/(VLOOKUP(B365,'2023 Team'!$B$2:$G$33,3,FALSE)) -> 0
A366: Odell Beckham Jr. | B366: BAL | C366: WR | D366: 0 | E366: 0 | F366: 0 | G366: =F366/D366 -> #DIV/0! | I366: =D366/(VLOOKUP(B366,'2023 Team'!$B$2:$G$33,3,FALSE)) -> 0
A367: Blake Bell | B367: KAN | C367: TE | D367: 0 | E367: 0 | F367: 0 | G367: =F367/D367 -> #DIV/0! | I367: =D367/(VLOOKUP(B367,'2023 Team'!$B$2:$G$33,3,FALSE)) -> 0
A368: David Bell | B368: CLE | C368: WR | D368: 0 | E368: 0 | F368: 0 | G368: =F368/D368 -> #DIV/0! | I368: =D368/(VLOOKUP(B368,'2023 Team'!$B$2:$G$33,3,FALSE)) -> 0
... A590: Olamide Zaccheaus | B590: PHI | C590: WR | D590: 0 | E590: 0 | F590: 0 | G590: =F590/D590 -> #DIV/0! | I590: =D590/(VLOOKUP(B590,'2023 Team'!$B$2:$G$33,3,FALSE)) -> 0
A591: League Average | G591: =F591/D591 -> #DIV/0! | H591: 4.2 | I591: =D591/(VLOOKUP(B591,'2023 Team'!$B$2:$G$33,3,FALSE)) -> #N/A
A592: Xavier Restrepo | B592: TEN | C592: WR | D592: 0 | E592: 0 | F592: 0 | G592: =F592/D592 -> #DIV/0! | I592: =D592/(VLOOKUP(B592,'2025 Team'!$B$2:$G$33,3,FALSE)) -> 0
A593: Calvin Ridley | B593: TEN | C593: WR | D593: 0 | E593: 0 | F593: 0 | G593: =F593/D593 -> #DIV/0! | I593: =D593/(VLOOKUP(B593,'2025 Team'!$B$2:$G$33,3,FALSE)) -> 0
A594: Jeffery Simmons | B594: TEN | C594: DT | D594: 0 | E594: 0 | F594: 0 | G594: =F594/D594 -> #DIV/0! | I594: =D594/(VLOOKUP(B594,'2025 Team'!$B$2:$G$33,3,FALSE)) -> 0
A595: John Bates | B595: WAS | C595: TE | D595: 0 | E595: 0 | F595: 0 | G595: =F595/D595 -> #DIV/0! | I595: =D595/(VLOOKUP(B595,'2025 Team'!$B$2:$G$33,3,FALSE)) -> 0
A596: Noah Brown | B596: WAS | C596: WR | D596: 0 | E596: 0 | F596: 0 | G596: =F596/D596 -> #DIV/0! | I596: =D596/(VLOOKUP(B596,'2025 Team'!$B$2:$G$33,3,FALSE)) -> 0
A597: Treylon Burks | B597: WAS | C597: WR | D597: 0 | E597: 0 | F597: 0 | G597: =F597/D597 -> #DIV/0! | I597: =D597/(VLOOKUP(B597,'2025 Team'!$B$2:$G$33,3,FALSE)) -> 0
A598: Robbie Chosen | B598: WAS | C598: WR | D598: 0 | E598: 0 | F598: 0 | G598: =F598/D598 -> #DIV/0! | I598: =D598/(VLOOKUP(B598,'2025 Team'!$B$2:$G$33,3,FALSE)) -> 0
A599: Zach Ertz | B599: WAS | C599: TE | D599: 0 | E599: 0 | F599: 0 | G599: =F599/D599 -> #DIV/0! | I599: =D599/(VLOOKUP(B599,'2025 Team'!$B$2:$G$33,3,FALSE)) -> 0
A600: Jacoby Jones | B600: WAS | C600: WR | D600: 0 | E600: 0 | F600: 0 | G600: =F600/D600 -> #DIV/0! | I600: =D600/(VLOOKUP(B600,'2025 Team'!$B$2:$G$33,3,FALSE)) -> 0
A601: Tay Martin | B601: WAS | C601: WR | D601: 0 | E601: 0 | F601: 0 | G601: =F601/D601 -> #DIV/0! | I601: =D601/(VLOOKUP(B601,'2025 Team'!$B$2:$G$33,3,FALSE)) -> 0
A602: Luke McCaffrey | B602: WAS | C602: WR | D602: 0 | E602: 0 | F602: 0 | G602: =F602/D602 -> #DIV/0! | I602: =D602/(VLOOKUP(B602,'2025 Team'!$B$2:$G$33,3,FALSE)) -> 0
A603: Terry McLaurin | B603: WAS | C603: WR | D603: 0 | E603: 0 | F603: 0 | G603: =F603/D603 -> #DIV/0! | I603: =D603/(VLOOKUP(B603,'2025 Team'!$B$2:$G$33,3,FALSE)) -> 0
... A605: Colson Yankoff | B605: WAS | C605: TE | D605: 0 | E605: 0 | F605: 0 | G605: =F605/D605 -> #DIV/0! | I605: =D605/(VLOOKUP(B605,'2025 Team'!$B$2:$G$33,3,FALSE)) -> 0

Sheet 2022 Rushing
A1: Player | B1: Team | C1: Pos | D1: Att | E1: Yds | F1: TD | G1: TD % | H1: Y/A | I1: Rushing Share
A2: Derrick Henry | B2: TEN | C2: RB | D2: 349 | E2: 1538 | F2: 13 | G2: =F2/D2 -> 0.037249284 | H2: 4.4 | I2: =D2/(VLOOKUP(B2,'[1]2022 Team'!$B$2:$G$33,3,FALSE)) -> 0.71663244
A3: Josh Jacobs | B3: LVR | C3: RB | D3: 340 | E3: 1653 | F3: 12 | G3: =F3/D3 -> 0.035294118 | H3: 4.9 | I3: =D3/(VLOOKUP(B3,'[1]2022 Team'!$B$2:$G$33,3,FALSE)) -> 0.79439252
A4: Nick Chubb | B4: CLE | C4: RB | D4: 302 | E4: 1525 | F4: 12 | G4: =F4/D4 -> 0.039735099 | H4: 5 | I4: =D4/(VLOOKUP(B4,'[1]2022 Team'!$B$2:$G$33,3,FALSE)) -> 0.56766917
A5: Saquon Barkley | B5: NYG | C5: RB | D5: 295 | E5: 1312 | F5: 10 | G5: =F5/D5 -> 0.033898305 | H5: 4.4 | I5: =D5/(VLOOKUP(B5,'[1]2022 Team'!$B$2:$G$33,3,FALSE)) -> 0.56730769
A6: Najee Harris | B6: PIT | C6: RB | D6: 272 | E6: 1034 | F6: 7 | G6: =F6/D6 -> 0.025735294 | H6: 3.8 | I6: =D6/(VLOOKUP(B6,'[1]2022 Team'!$B$2:$G$33,3,FALSE)) -> 0.544
A7: Dalvin Cook | B7: MIN | C7: RB | D7: 264 | E7: 1173 | F7: 8 | G7: =F7/D7 -> 0.03030303 | H7: 4.4 | I7: =D7/(VLOOKUP(B7,'[1]2022 Team'!$B$2:$G$33,3,FALSE)) -> 0.65346535
A8: Jamaal Williams | B8: DET | C8: RB | D8: 262 | E8: 1066 | F8: 17 | G8: =F8/D8 -> 0.064885496 | H8: 4.1 | I8: =D8/(VLOOKUP(B8,'[1]2022 Team'!$B$2:$G$33,3,FALSE)) -> 0.54583333
A9: Miles Sanders | B9: PHI | C9: RB | D9: 259 | E9: 1269 | F9: 11 | G9: =F9/D9 -> 0.042471042 | H9: 4.9 | I9: =D9/(VLOOKUP(B9,'[1]2022 Team'!$B$2:$G$33,3,FALSE)) -> 0.47610294
A10: Christian McCaffrey | B10: CAR | C10: RB | D10: 85 | E10: 393 | F10: 2 | G10: =F10/D10 -> 0.023529412 | H10: 4.6 | I10: =D10/(VLOOKUP(B10,'[1]2022 Team'!$B$2:$G$33,3,FALSE)) -> 0.17598344
A11: Christian McCaffrey | B11: SFO | C11: RB | D11: 159 | E11: 746 | F11: 6 | G11: =F11/D11 -> 0.037735849 | H11: 4.7 | I11: =D11/(VLOOKUP(B11,'[1]2022 Team'!$B$2:$G$33,3,FALSE)) -> 0.31547619
A12: Ezekiel Elliott | B12: DAL | C12: RB | D12: 231 | E12: 876 | F12: 12 | G12: =F12/D12 -> 0.051948052 | H12: 3.8 | I12: =D12/(VLOOKUP(B12,'[1]2022 Team'!$B$2:$G$33,3,FALSE)) -> 0.43502825
A13: Kenneth Walker III | B13: SEA | C13: RB | D13: 228 | E13: 1050 | F13: 9 | G13: =F13/D13 -> 0.039473684 | H13: 4.6 | I13: =D13/(VLOOKUP(B13,'[1]2022 Team'!$B$2:$G$33,3,FALSE)) -> 0.53647059
... A324: Wan'Dale Robinson | B324: NYG | C324: WR | D324: 2 | E324: -1 | F324: 0 | G324: =F324/D324 -> 0 | H324: -0.5 | I324: =D324/(VLOOKUP(B324,'[1]2022 Team'!$B$2:$G$33,3,FALSE)) -> 0.0038461538
A325: Amari Rodgers | B325: GNB | C325: WR | D325: 0 | E325: 0 | F325: 0 | G325: =F325/D325 -> #DIV/0! | I325: =D325/(VLOOKUP(B325,'[1]2022 Team'!$B$2:$G$33,3,FALSE)) -> 0
A326: Amari Rodgers | B326: HOU | C326: WR | D326: 2 | E326: 7 | F326: 0 | G326: =F326/D326 -> 0 | H326: 3.5 | I326: =D326/(VLOOKUP(B326,'[1]2022 Team'!$B$2:$G$33,3,FALSE)) -> 0.0050251256
A327: Armani Rogers | B327: WAS | C327: TE | D327: 2 | E327: 26 | F327: 0 | G327: =F327/D327 -> 0 | H327: 13 | I327: =D327/(VLOOKUP(B327,'[1]2022 Team'!$B$2:$G$33,3,FALSE)) -> 0.0037174721
A328: Trey Sermon | B328: PHI | C328: RB | D328: 2 | E328: 19 | F328: 0 | G328: =F328/D328 -> 0 | H328: 9.5 | I328: =D328/(VLOOKUP(B328,'[1]2022 Team'!$B$2:$G$33,3,FALSE)) -> 0.0036764706
A329: Durham Smythe | B329: MIA | C329: TE | D329: 2 | E329: 1 | F329: 1 | G329: =F329/D329 -> 0.5 | H329: 0.5 | I329: =D329/(VLOOKUP(B329,'[1]2022 Team'!$B$2:$G$33,3,FALSE)) -> 0.0051282051
A330: Deven Thompkins | B330: TAM | C330: WR | D330: 2 | E330: 26 | F330: 0 | G330: =F330/D330 -> 0 | H330: 13 | I330: =D330/(VLOOKUP(B330,'[1]2022 Team'!$B$2:$G$33,3,FALSE)) -> 0.0051813472
A331: Damien Williams | B331: ATL | C331: RB | D331: 2 | E331: 2 | F331: 0 | G331: =F331/D331 -> 0 | H331: 1 | I331: =D331/(VLOOKUP(B331,'[1]2022 Team'!$B$2:$G$33,3,FALSE)) -> 0.0035778175
A332: Olamide Zaccheaus | B332: ATL | C332: WR | D332: 2 | E332: 7 | F332: 0 | G332: =F332/D332 -> 0 | H332: 3.5 | I332: =D332/(VLOOKUP(B332,'[1]2022 Team'!$B$2:$G$33,3,FALSE)) -> 0.0035778175
A333: Keenan Allen | B333: LAC | C333: WR | D333: 1 | E333: 8 | F333: 0 | G333: =F333/D333 -> 0 | H333: 8 | I333: =D333/(VLOOKUP(B333,'[1]2022 Team'!$B$2:$G$33,3,FALSE)) -> 0.0024752475
A334: Marcus Allen | B334: PIT | C334: DB | D334: 1 | E334: 4 | F334: 0 | G334: =F334/D334 -> 0 | H334: 4 | I334: =D334/(VLOOKUP(B334,'[1]2022 Team'!$B$2:$G$33,3,FALSE)) -> 0.002
A335: Bryan Anger | B335: DAL | C335: P | D335: 1 | E335: 0 | F335: 0 | G335: =F335/D335 -> 0 | H335: 0 | I335: =D335/(VLOOKUP(B335,'[1]2022 Team'!$B$2:$G$33,3,FALSE)) -> 0.0018832392
A336: Tyler Badie | B336: DEN | C336: RB | D336: 1 | E336: 0 | F336: 0 | G336: =F336/D336 -> 0 | H336: 0 | I336: =D336/(VLOOKUP(B336,'[1]2022 Team'!$B$2:$G$33,3,FALSE)) -> 0.0022522523
A337: Daniel Bellinger | B337: NYG | C337: TE | D337: 1 | E337: 2 | F337: 1 | G337: =F337/D337 -> 1 | H337: 2 | I337: =D337/(VLOOKUP(B337,'[1]2022 Team'!$B$2:$G$33,3,FALSE)) -> 0.0019230769
... A361: Trenton Irwin | B361: CIN | C361: WR | D361: 1 | E361: 11 | F361: 0 | G361: =F361/D361 -> 0 | H361: 11 | I361: =D361/(VLOOKUP(B361,'[1]2022 Team'!$B$2:$G$33,3,FALSE)) -> 0.0025062657
A362: Andy Isabella | B362: ARI | C362: WR | D362: 0 | E362: 0 | F362: 0 | G362: =F362/D362 -> #DIV/0! | I362: =D362/(VLOOKUP(B362,'[1]2022 Team'!$B$2:$G$33,3,FALSE)) -> 0
A363: Andy Isabella | B363: BAL | C363: WR | D363: 1 | E363: 1 | F363: 0 | G363: =F363/D363 -> 0 | H363: 1 | I363: =D363/(VLOOKUP(B363,'[1]2022 Team'!$B$2:$G$33,3,FALSE)) -> 0.0019011407
A364: Dallin Leavitt | B364: GNB | C364: S | D364: 1 | E364: 0 | F364: 0 | G364: =F364/D364 -> 0 | H364: 0 | I364: =D364/(VLOOKUP(B364,'[1]2022 Team'!$B$2:$G$33,3,FALSE)) -> 0.0021929825
A365: Jordan Love | B365: GNB | C365: QB | D365: 1 | E365: -1 | F365: 0 | G365: =F365/D365 -> 0 | H365: -1 | I365: =D365/(VLOOKUP(B365,'[1]2022 Team'!$B$2:$G$33,3,FALSE)) -> 0.0021929825
A366: Racey McMath | B366: TEN | C366: WR | D366: 1 | E366: 4 | F366: 0 | G366: =F366/D366 -> 0 | H366: 4 | I366: =D366/(VLOOKUP(B366,'[1]2022 Team'!$B$2:$G$33,3,FALSE)) -> 0.0020533881
A367: Scott Miller | B367: TAM | C367: WR | D367: 1 | E367: 8 | F367: 0 | G367: =F367/D367 -> 0 | H367: 8 | I367: =D367/(VLOOKUP(B367,'[1]2022 Team'!$B$2:$G$33,3,FALSE)) -> 0.0025906736
A368: Darnell Mooney | B368: CHI | C368: WR | D368: 1 | E368: 2 | F368: 0 | G368: =F368/D368 -> 0 | H368: 2 | I368: =D368/(VLOOKUP(B368,'[1]2022 Team'!$B$2:$G$33,3,FALSE)) -> 0.0017921147
A369: Josh Palmer | B369: LAC | C369: WR | D369: 1 | E369: 4 | F369: 0 | G369: =F369/D369 -> 0 | H369: 4 | I369: =D369/(VLOOKUP(B369,'[1]2022 Team'!$B$2:$G$33,3,FALSE)) -> 0.0024752475
A370: Zach Pascal | B370: PHI | C370: WR | D370: 1 | E370: 0 | F370: 0 | G370: =F370/D370 -> 0 | H370: 0 | I370: =D370/(VLOOKUP(B370,'[1]2022 Team'!$B$2:$G$33,3,FALSE)) -> 0.0018382353
A371: Donovan Peoples-Jones | B371: CLE | C371: WR | D371: 1 | E371: 2 | F371: 0 | G371: =F371/D371 -> 0 | H371: 2 | I371: =D371/(VLOOKUP(B371,'[1]2022 Team'!$B$2:$G$33,3,FALSE)) -> 0.0018796992
A372: Ben Skowronek | B372: LAR | C372: WR | D372: 1 | E372: 17 | F372: 1 | G372: =F372/D372 -> 1 | H372: 17 | I372: =D372/(VLOOKUP(B372,'[1]2022 Team'!$B$2:$G$33,3,FALSE)) -> 0.00243309
A373: Jonnu Smith | B373: NWE | C373: TE | D373: 1 | E373: 5 | F373: 0 | G373: =F373/D373 -> 0 | H373: 5 | I373: =D373/(VLOOKUP(B373,'[1]2022 Team'!$B$2:$G$33,3,FALSE)) -> 0.0023529412
A374: Keith Smith | B374: ATL | C374: WR | D374: 1 | E374: 2 | F374: 0 | G374: =F374/D374 -> 0 | H374: 2 | I374: =D374/(VLOOKUP(B374,'[1]2022 Team'!$B$2:$G$33,3,FALSE)) -> 0.0017889088
... A382: Michael Woods II | B382: CLE | C382: WR | D382: 1 | E382: -5 | F382: 0 | G382: =F382/D382 -> 0 | H382: -5 | I382: =D382/(VLOOKUP(B382,'[1]2022 Team'!$B$2:$G$33,3,FALSE)) -> 0.0018796992
A383: Nelson Agholor | B383: NWE | C383: WR | D383: 0 | E383: 0 | F383: 0 | G383: =F383/D383 -> #DIV/0! | I383: =D383/(VLOOKUP(B383,'[1]2022 Team'!$B$2:$G$33,3,FALSE)) -> 0
A384: Jordan Akins | B384: HOU | C384: TE | D384: 0 | E384: 0 | F384: 0 | G384: =F384/D384 -> #DIV/0! | I384: =D384/(VLOOKUP(B384,'[1]2022 Team'!$B$2:$G$33,3,FALSE)) -> 0
A385: Maurice Alexander | B385: DET | C385: WR | D385: 0 | E385: 0 | F385: 0 | G385: =F385/D385 -> #DIV/0! | I385: =D385/(VLOOKUP(B385,'[1]2022 Team'!$B$2:$G$33,3,FALSE)) -> 0
A386: Josh Ali | B386: ATL | C386: WR | D386: 0 | E386: 0 | F386: 0 | G386: =F386/D386 -> #DIV/0! | I386: =D386/(VLOOKUP(B386,'[1]2022 Team'!$B$2:$G$33,3,FALSE)) -> 0
A387: Mo Alie-Cox | B387: IND | C387: TE | D387: 0 | E387: 0 | F387: 0 | G387: =F387/D387 -> #DIV/0! | I387: =D387/(VLOOKUP(B387,'[1]2022 Team'!$B$2:$G$33,3,FALSE)) -> 0
A388: Stephen Anderson | B388: ARI | C388: TE | D388: 0 | E388: 0 | F388: 0 | G388: =F388/D388 -> #DIV/0! | I388: =D388/(VLOOKUP(B388,'[1]2022 Team'!$B$2:$G$33,3,FALSE)) -> 0
A389: Dan Arnold | B389: JAX | C389: TE | D389: 0 | E389: 0 | F389: 0 | G389: =F389/D389 -> #DIV/0! | I389: =D389/(VLOOKUP(B389,'[1]2022 Team'!$B$2:$G$33,3,FALSE)) -> 0
A390: Devin Asiasi | B390: CIN | C390: TE | D390: 0 | E390: 0 | F390: 0 | G390: =F390/D390 -> #DIV/0! | I390: =D390/(VLOOKUP(B390,'[1]2022 Team'!$B$2:$G$33,3,FALSE)) -> 0
A391: Andre Baccellia | B391: ARI | C391: WR | D391: 0 | E391: 0 | F391: 0 | G391: =F391/D391 -> #DIV/0! | I391: =D391/(VLOOKUP(B391,'[1]2022 Team'!$B$2:$G$33,3,FALSE)) -> 0
A392: David Bakhtiari | B392: GNB | C392: LT | D392: 0 | E392: 0 | F392: 0 | G392: =F392/D392 -> #DIV/0! | I392: =D392/(VLOOKUP(B392,'[1]2022 Team'!$B$2:$G$33,3,FALSE)) -> 0
A393: Daylen Baldwin | B393: CLE | C393: WR | D393: 0 | E393: 0 | F393: 0 | G393: =F393/D393 -> #DIV/0! | I393: =D393/(VLOOKUP(B393,'[1]2022 Team'!$B$2:$G$33,3,FALSE)) -> 0
A394: Michael Bandy | B394: LAC | C394: WR | D394: 0 | E394: 0 | F394: 0 | G394: =F394/D394 -> #DIV/0! | I394: =D394/(VLOOKUP(B394,'[1]2022 Team'!$B$2:$G$33,3,FALSE)) -> 0
... A629: Shane Zylstra | B629: DET | C629: TE | D629: 0 | E629: 0 | F629: 0 | G629: =F629/D629 -> #DIV/0! | I629: =D629/(VLOOKUP(B629,'[1]2022 Team'!$B$2:$G$33,3,FALSE)) -> 0

Sheet 2021 Rushing
A1: Player | B1: Team | C1: Pos | D1: Att | E1: Yds | F1: TD | G1: TD % | H1: Y/A | I1: Rushing Share
A2: Jonathan Taylor | B2: IND | C2: RB | D2: 332 | E2: 1811 | F2: 18 | G2: =F2/D2 -> 0.054216867 | H2: 5.5 | I2: =D2/(VLOOKUP(B2,'[1]2021 Team'!$B$2:$G$33,3,FALSE)) -> 0.66533066
A3: Najee Harris | B3: PIT | C3: RB | D3: 307 | E3: 1200 | F3: 7 | G3: =F3/D3 -> 0.022801303 | H3: 3.9 | I3: =D3/(VLOOKUP(B3,'[1]2021 Team'!$B$2:$G$33,3,FALSE)) -> 0.74695864
A4: Joe Mixon | B4: CIN | C4: RB | D4: 292 | E4: 1205 | F4: 13 | G4: =F4/D4 -> 0.044520548 | H4: 4.1 | I4: =D4/(VLOOKUP(B4,'[1]2021 Team'!$B$2:$G$33,3,FALSE)) -> 0.66972477
A5: Antonio Gibson | B5: WAS | C5: RB | D5: 258 | E5: 1037 | F5: 7 | G5: =F5/D5 -> 0.027131783 | H5: 4 | I5: =D5/(VLOOKUP(B5,'[1]2021 Team'!$B$2:$G$33,3,FALSE)) -> 0.5408805
A6: Dalvin Cook | B6: MIN | C6: RB | D6: 249 | E6: 1159 | F6: 6 | G6: =F6/D6 -> 0.024096386 | H6: 4.7 | I6: =D6/(VLOOKUP(B6,'[1]2021 Team'!$B$2:$G$33,3,FALSE)) -> 0.5545657
A7: Alvin Kamara | B7: NOR | C7: RB | D7: 240 | E7: 898 | F7: 4 | G7: =F7/D7 -> 0.016666667 | H7: 3.7 | I7: =D7/(VLOOKUP(B7,'[1]2021 Team'!$B$2:$G$33,3,FALSE)) -> 0.47058824
A8: Ezekiel Elliott | B8: DAL | C8: RB | D8: 237 | E8: 1002 | F8: 10 | G8: =F8/D8 -> 0.042194093 | H8: 4.2 | I8: =D8/(VLOOKUP(B8,'[1]2021 Team'!$B$2:$G$33,3,FALSE)) -> 0.50105708
A9: Nick Chubb | B9: CLE | C9: RB | D9: 228 | E9: 1259 | F9: 8 | G9: =F9/D9 -> 0.035087719 | H9: 5.5 | I9: =D9/(VLOOKUP(B9,'[1]2021 Team'!$B$2:$G$33,3,FALSE)) -> 0.47010309
A10: David Montgomery | B10: CHI | C10: RB | D10: 225 | E10: 849 | F10: 7 | G10: =F10/D10 -> 0.031111111 | H10: 3.8 | I10: =D10/(VLOOKUP(B10,'[1]2021 Team'!$B$2:$G$33,3,FALSE)) -> 0.47368421
A11: Derrick Henry | B11: TEN | C11: RB | D11: 219 | E11: 937 | F11: 10 | G11: =F11/D11 -> 0.0456621 | H11: 4.3 | I11: =D11/(VLOOKUP(B11,'[1]2021 Team'!$B$2:$G$33,3,FALSE)) -> 0.39745917
A12: Josh Jacobs | B12: LVR | C12: RB | D12: 217 | E12: 872 | F12: 9 | G12: =F12/D12 -> 0.041474654 | H12: 4 | I12: =D12/(VLOOKUP(B12,'[1]2021 Team'!$B$2:$G$33,3,FALSE)) -> 0.52415459
A13: Sony Michel | B13: LAR | C13: RB | D13: 208 | E13: 845 | F13: 4 | G13: =F13/D13 -> 0.019230769 | H13: 4.1 | I13: =D13/(VLOOKUP(B13,'[1]2021 Team'!$B$2:$G$33,3,FALSE)) -> 0.4952381
... A221: Alex Armah | B221: NOR | C221: FB | D221: 5 | E221: 21 | F221: 0 | G221: =F221/D221 -> 0 | H221: 4.2 | I221: =D221/(VLOOKUP(B221,'[1]2021 Team'!$B$2:$G$33,3,FALSE)) -> 0.0098039216
A222: Jakeem Grant | B222: MIA | C222: WR | D222: 0 | E222: 0 | F222: 0 | G222: =F222/D222 -> #DIV/0! | I222: =D222/(VLOOKUP(B222,'[1]2021 Team'!$B$2:$G$33,3,FALSE)) -> 0
A223: Jakeem Grant | B223: CHI | C223: WR | D223: 5 | E223: 33 | F223: 0 | G223: =F223/D223 -> 0 | H223: 6.6 | I223: =D223/(VLOOKUP(B223,'[1]2021 Team'!$B$2:$G$33,3,FALSE)) -> 0.010526316
A224: Deonte Harty | B224: NOR | C224: WR | D224: 5 | E224: 41 | F224: 0 | G224: =F224/D224 -> 0 | H224: 8.2 | I224: =D224/(VLOOKUP(B224,'[1]2021 Team'!$B$2:$G$33,3,FALSE)) -> 0.0098039216
A225: Buddy Howell | B225: LAR | C225: RB | D225: 5 | E225: 11 | F225: 0 | G225: =F225/D225 -> 0 | H225: 2.2 | I225: =D225/(VLOOKUP(B225,'[1]2021 Team'!$B$2:$G$33,3,FALSE)) -> 0.011904762
A226: Diontae Johnson | B226: PIT | C226: WR | D226: 5 | E226: 53 | F226: 0 | G226: =F226/D226 -> 0 | H226: 10.6 | I226: =D226/(VLOOKUP(B226,'[1]2021 Team'!$B$2:$G$33,3,FALSE)) -> 0.01216545
A227: Elijah Moore | B227: NYJ | C227: WR | D227: 5 | E227: 54 | F227: 1 | G227: =F227/D227 -> 0.2 | H227: 10.8 | I227: =D227/(VLOOKUP(B227,'[1]2021 Team'!$B$2:$G$33,3,FALSE)) -> 0.013157895
A228: Michael Pittman Jr. | B228: IND | C228: WR | D228: 5 | E228: 44 | F228: 0 | G228: =F228/D228 -> 0 | H228: 8.8 | I228: =D228/(VLOOKUP(B228,'[1]2021 Team'!$B$2:$G$33,3,FALSE)) -> 0.01002004
A229: Mason Rudolph | B229: PIT | C229: QB | D229: 5 | E229: 53 | F229: 0 | G229: =F229/D229 -> 0 | H229: 10.6 | I229: =D229/(VLOOKUP(B229,'[1]2021 Team'!$B$2:$G$33,3,FALSE)) -> 0.01216545
A230: Jaylen Samuels | B230: HOU | C230: RB | D230: 5 | E230: 9 | F230: 0 | G230: =F230/D230 -> 0 | H230: 1.8 | I230: =D230/(VLOOKUP(B230,'[1]2021 Team'!$B$2:$G$33,3,FALSE)) -> 0.011904762
A231: Wendell Smallwood | B231: WAS | C231: RB | D231: 5 | E231: 25 | F231: 0 | G231: =F231/D231 -> 0 | H231: 5 | I231: =D231/(VLOOKUP(B231,'[1]2021 Team'!$B$2:$G$33,3,FALSE)) -> 0.01048218
A232: Freddie Swain | B232: SEA | C232: WR | D232: 5 | E232: 32 | F232: 0 | G232: =F232/D232 -> 0 | H232: 6.4 | I232: =D232/(VLOOKUP(B232,'[1]2021 Team'!$B$2:$G$33,3,FALSE)) -> 0.012106538
A233: Mike White | B233: NYJ | C233: QB | D233: 5 | E233: -1 | F233: 0 | G233: =F233/D233 -> 0 | H233: -0.2 | I233: =D233/(VLOOKUP(B233,'[1]2021 Team'!$B$2:$G$33,3,FALSE)) -> 0.013157895
A234: Mekhi Sargent | B234: TEN | C234: RB | D234: 2 | E234: 4 | F234: 0 | G234: =F234/D234 -> 0 | H234: 2 | I234: =D234/(VLOOKUP(B234,'[1]2021 Team'!$B$2:$G$33,3,FALSE)) -> 0.0036297641
... A266: Hunter Renfrow | B266: LVR | C266: WR | D266: 3 | E266: 3 | F266: 0 | G266: =F266/D266 -> 0 | H266: 1 | I266: =D266/(VLOOKUP(B266,'[1]2021 Team'!$B$2:$G$33,3,FALSE)) -> 0.0072463768
A267: Andre Roberts | B267: HOU | C267: WR | D267: 0 | E267: 0 | F267: 0 | G267: =F267/D267 -> #DIV/0! | I267: =D267/(VLOOKUP(B267,'[1]2021 Team'!$B$2:$G$33,3,FALSE)) -> 0
A268: Andre Roberts | B268: LAC | C268: WR | D268: 3 | E268: 19 | F268: 0 | G268: =F268/D268 -> 0 | H268: 6.3 | I268: =D268/(VLOOKUP(B268,'[1]2021 Team'!$B$2:$G$33,3,FALSE)) -> 0.0070921986
A269: Henry Ruggs III | B269: LVR | C269: WR | D269: 3 | E269: 16 | F269: 0 | G269: =F269/D269 -> 0 | H269: 5.3 | I269: =D269/(VLOOKUP(B269,'[1]2021 Team'!$B$2:$G$33,3,FALSE)) -> 0.0072463768
A270: JuJu Smith-Schuster | B270: PIT | C270: WR | D270: 3 | E270: 9 | F270: 1 | G270: =F270/D270 -> 0.33333333 | H270: 3 | I270: =D270/(VLOOKUP(B270,'[1]2021 Team'!$B$2:$G$33,3,FALSE)) -> 0.0072992701
A271: Equanimeous St. Brown | B271: GNB | C271: WR | D271: 3 | E271: 14 | F271: 0 | G271: =F271/D271 -> 0 | H271: 4.7 | I271: =D271/(VLOOKUP(B271,'[1]2021 Team'!$B$2:$G$33,3,FALSE)) -> 0.0067264574
A272: Johnny Stanton | B272: CLE | C272: RB | D272: 3 | E272: 5 | F272: 0 | G272: =F272/D272 -> 0 | H272: 1.7 | I272: =D272/(VLOOKUP(B272,'[1]2021 Team'!$B$2:$G$33,3,FALSE)) -> 0.006185567
A273: Chris Streveler | B273: ARI | C273: QB | D273: 3 | E273: 6 | F273: 0 | G273: =F273/D273 -> 0 | H273: 2 | I273: =D273/(VLOOKUP(B273,'[1]2021 Team'!$B$2:$G$33,3,FALSE)) -> 0.0060483871
A274: Kadarius Toney | B274: NYG | C274: WR | D274: 3 | E274: 6 | F274: 0 | G274: =F274/D274 -> 0 | H274: 2 | I274: =D274/(VLOOKUP(B274,'[1]2021 Team'!$B$2:$G$33,3,FALSE)) -> 0.0071599045
A275: Tommy Tremble | B275: CAR | C275: TE | D275: 3 | E275: 11 | F275: 1 | G275: =F275/D275 -> 0.33333333 | H275: 3.7 | I275: =D275/(VLOOKUP(B275,'[1]2021 Team'!$B$2:$G$33,3,FALSE)) -> 0.0065934066
A276: Trenton Cannon | B276: BAL | C276: RB | D276: 2 | E276: 5 | F276: 0 | G276: =F276/D276 -> 0 | H276: 2.5 | I276: =D276/(VLOOKUP(B276,'[1]2021 Team'!$B$2:$G$33,3,FALSE)) -> 0.003868472
A277: Trenton Cannon | B277: SFO | C277: RB | D277: 1 | E277: -1 | F277: 0 | G277: =F277/D277 -> 0 | H277: -1 | I277: =D277/(VLOOKUP(B277,'[1]2021 Team'!$B$2:$G$33,3,FALSE)) -> 0.002004008
A278: Kyle Allen | B278: WAS | C278: QB | D278: 2 | E278: 11 | F278: 0 | G278: =F278/D278 -> 0 | H278: 5.5 | I278: =D278/(VLOOKUP(B278,'[1]2021 Team'!$B$2:$G$33,3,FALSE)) -> 0.0041928721
A279: Cameron Batson | B279: TEN | C279: WR | D279: 2 | E279: 15 | F279: 0 | G279: =F279/D279 -> 0 | H279: 7.5 | I279: =D279/(VLOOKUP(B279,'[1]2021 Team'!$B$2:$G$33,3,FALSE)) -> 0.0036297641
A280: Odell Beckham Jr. | B280: CLE | C280: WR | D280: 2 | E280: 14 | F280: 0 | G280: =F280/D280 -> 0 | H280: 7 | I280: =D280/(VLOOKUP(B280,'[1]2021 Team'!$B$2:$G$33,3,FALSE)) -> 0.0041237113
A281: Odell Beckham Jr. | B281: LAR | C281: WR | D281: 0 | E281: 0 | F281: 0 | G281: =F281/D281 -> #DIV/0! | I281: =D281/(VLOOKUP(B281,'[1]2021 Team'!$B$2:$G$33,3,FALSE)) -> 0
A282: Kurt Benkert | B282: GNB | C282: QB | D282: 2 | E282: -1 | F282: 0 | G282: =F282/D282 -> 0 | H282: -0.5 | I282: =D282/(VLOOKUP(B282,'[1]2021 Team'!$B$2:$G$33,3,FALSE)) -> 0.0044843049
A283: Tyler Boyd | B283: CIN | C283: WR | D283: 2 | E283: 22 | F283: 0 | G283: =F283/D283 -> 0 | H283: 11 | I283: =D283/(VLOOKUP(B283,'[1]2021 Team'!$B$2:$G$33,3,FALSE)) -> 0.004587156
A284: Tim Boyle | B284: DET | C284: QB | D284: 2 | E284: 13 | F284: 0 | G284: =F284/D284 -> 0 | H284: 6.5 | I284: =D284/(VLOOKUP(B284,'[1]2021 Team'!$B$2:$G$33,3,FALSE)) -> 0.0046838407
A285: A.J. Brown | B285: TEN | C285: WR | D285: 2 | E285: 10 | F285: 0 | G285: =F285/D285 -> 0 | H285: 5 | I285: =D285/(VLOOKUP(B285,'[1]2021 Team'!$B$2:$G$33,3,FALSE)) -> 0.0036297641
A286: Brandin Cooks | B286: HOU | C286: WR | D286: 2 | E286: 21 | F286: 0 | G286: =F286/D286 -> 0 | H286: 10.5 | I286: =D286/(VLOOKUP(B286,'[1]2021 Team'!$B$2:$G$33,3,FALSE)) -> 0.0047619048
A287: Chase Daniel | B287: LAC | C287: QB | D287: 2 | E287: -2 | F287: 0 | G287: =F287/D287 -> 0 | H287: -1 | I287: =D287/(VLOOKUP(B287,'[1]2021 Team'!$B$2:$G$33,3,FALSE)) -> 0.0047281324
A288: Darrynton Evans | B288: TEN | C288: RB | D288: 2 | E288: 7 | F288: 0 | G288: =F288/D288 -> 0 | H288: 3.5 | I288: =D288/(VLOOKUP(B288,'[1]2021 Team'!$B$2:$G$33,3,FALSE)) -> 0.0036297641
A289: Joe Flacco | B289: NYJ | C289: QB | D289: 2 | E289: 3 | F289: 0 | G289: =F289/D289 -> 0 | H289: 1.5 | I289: =D289/(VLOOKUP(B289,'[1]2021 Team'!$B$2:$G$33,3,FALSE)) -> 0.0052631579
A290: Jake Funk | B290: LAR | C290: RB | D290: 2 | E290: 5 | F290: 0 | G290: =F290/D290 -> 0 | H290: 2.5 | I290: =D290/(VLOOKUP(B290,'[1]2021 Team'!$B$2:$G$33,3,FALSE)) -> 0.0047619048
A291: Marquise Goodwin | B291: CHI | C291: WR | D291: 2 | E291: -1 | F291: 0 | G291: =F291/D291 -> 0 | H291: -0.5 | I291: =D291/(VLOOKUP(B291,'[1]2021 Team'!$B$2:$G$33,3,FALSE)) -> 0.0042105263
A292: Alec Ingold | B292: LVR | C292: FB | D292: 2 | E292: 1 | F292: 0 | G292: =F292/D292 -> 0 | H292: 0.5 | I292: =D292/(VLOOKUP(B292,'[1]2021 Team'!$B$2:$G$33,3,FALSE)) -> 0.0048309179
A293: Andy Janovich | B293: CLE | C293: RB | D293: 2 | E293: 0 | F293: 1 | G293: =F293/D293 -> 0.5 | H293: 0 | I293: =D293/(VLOOKUP(B293,'[1]2021 Team'!$B$2:$G$33,3,FALSE)) -> 0.0041237113
... A333: Jaelon Darden | B333: TAM | C333: WR | D333: 1 | E333: 11 | F333: 0 | G333: =F333/D333 -> 0 | H333: 11 | I333: =D333/(VLOOKUP(B333,'[1]2021 Team'!$B$2:$G$33,3,FALSE)) -> 0.0025974026
A334: Phillip Dorsett | B334: JAX | C334: WR | D334: 0 | E334: 0 | F334: 0 | G334: =F334/D334 -> #DIV/0! | I334: =D334/(VLOOKUP(B334,'[1]2021 Team'!$B$2:$G$33,3,FALSE)) -> 0
A335: Phillip Dorsett | B335: SEA | C335: WR | D335: 0 | E335: 0 | F335: 0 | G335: =F335/D335 -> #DIV/0! | I335: =D335/(VLOOKUP(B335,'[1]2021 Team'!$B$2:$G$33,3,FALSE)) -> 0
A336: Phillip Dorsett | B336: HOU | C336: WR | D336: 1 | E336: 0 | F336: 0 | G336: =F336/D336 -> 0 | H336: 0 | I336: =D336/(VLOOKUP(B336,'[1]2021 Team'!$B$2:$G$33,3,FALSE)) -> 0.0023809524
A337: Greg Dortch | B337: ARI | C337: WR | D337: 1 | E337: 24 | F337: 0 | G337: =F337/D337 -> 0 | H337: 24 | I337: =D337/(VLOOKUP(B337,'[1]2021 Team'!$B$2:$G$33,3,FALSE)) -> 0.002016129
A338: Eric Ebron | B338: PIT | C338: TE | D338: 1 | E338: 1 | F338: 1 | G338: =F338/D338 -> 1 | H338: 1 | I338: =D338/(VLOOKUP(B338,'[1]2021 Team'!$B$2:$G$33,3,FALSE)) -> 0.00243309
A339: Bryan Edwards | B339: LVR | C339: WR | D339: 1 | E339: 0 | F339: 0 | G339: =F339/D339 -> 0 | H339: 0 | I339: =D339/(VLOOKUP(B339,'[1]2021 Team'!$B$2:$G$33,3,FALSE)) -> 0.0024154589
A340: Evan Engram | B340: NYG | C340: TE | D340: 1 | E340: -3 | F340: 0 | G340: =F340/D340 -> 0 | H340: -3 | I340: =D340/(VLOOKUP(B340,'[1]2021 Team'!$B$2:$G$33,3,FALSE)) -> 0.0023866348
A341: Zach Ertz | B341: PHI | C341: TE | D341: 0 | E341: 0 | F341: 0 | G341: =F341/D341 -> #DIV/0! | I341: =D341/(VLOOKUP(B341,'[1]2021 Team'!$B$2:$G$33,3,FALSE)) -> 0
A342: Zach Ertz | B342: ARI | C342: TE | D342: 1 | E342: 4 | F342: 0 | G342: =F342/D342 -> 0 | H342: 4 | I342: =D342/(VLOOKUP(B342,'[1]2021 Team'!$B$2:$G$33,3,FALSE)) -> 0.002016129
A343: Mike Evans | B343: TAM | C343: WR | D343: 1 | E343: 10 | F343: 0 | G343: =F343/D343 -> 0 | H343: 10 | I343: =D343/(VLOOKUP(B343,'[1]2021 Team'!$B$2:$G$33,3,FALSE)) -> 0.0025974026
A344: Clayton Fejedelem | B344: MIA | C344: DB | D344: 1 | E344: 0 | F344: 0 | G344: =F344/D344 -> 0 | H344: 0 | I344: =D344/(VLOOKUP(B344,'[1]2021 Team'!$B$2:$G$33,3,FALSE)) -> 0.0022624434
A345: Maurice Ffrench | B345: LAC | C345: WR | D345: 1 | E345: 3 | F345: 0 | G345: =F345/D345 -> 0 | H345: 3 | I345: =D345/(VLOOKUP(B345,'[1]2021 Team'!$B$2:$G$33,3,FALSE)) -> 0.0023640662
A346: Ryan Fitzpatrick | B346: WAS | C346: QB | D346: 1 | E346: 2 | F346: 0 | G346: =F346/D346 -> 0 | H346: 2 | I346: =D346/(VLOOKUP(B346,'[1]2021 Team'!$B$2:$G$33,3,FALSE)) -> 0.0020964361
A347: Jamie Gillan | B347: CLE | C347: P | D347: 1 | E347: 0 | F347: 0 | G347: =F347/D347 -> 0 | H347: 0 | I347: =D347/(VLOOKUP(B347,'[1]2021 Team'!$B$2:$G$33,3,FALSE)) -> 0.0020618557
A348: Cyril Grayson | B348: TAM | C348: WR | D348: 1 | E348: 14 | F348: 0 | G348: =F348/D348 -> 0 | H348: 14 | I348: =D348/(VLOOKUP(B348,'[1]2021 Team'!$B$2:$G$33,3,FALSE)) -> 0.0025974026
A349: Johnny Hekker | B349: LAR | C349: P | D349: 1 | E349: 0 | F349: 0 | G349: =F349/D349 -> 0 | H349: 0 | I349: =D349/(VLOOKUP(B349,'[1]2021 Team'!$B$2:$G$33,3,FALSE)) -> 0.0023809524
A350: DeSean Jackson | B350: LAR | C350: WR | D350: 0 | E350: 0 | F350: 0 | G350: =F350/D350 -> #DIV/0! | I350: =D350/(VLOOKUP(B350,'[1]2021 Team'!$B$2:$G$33,3,FALSE)) -> 0
A351: DeSean Jackson | B351: LVR | C351: WR | D351: 1 | E351: 4 | F351: 0 | G351: =F351/D351 -> 0 | H351: 4 | I351: =D351/(VLOOKUP(B351,'[1]2021 Team'!$B$2:$G$33,3,FALSE)) -> 0.0024154589
A352: Christian Kirk | B352: ARI | C352: WR | D352: 1 | E352: 11 | F352: 0 | G352: =F352/D352 -> 0 | H352: 11 | I352: =D352/(VLOOKUP(B352,'[1]2021 Team'!$B$2:$G$33,3,FALSE)) -> 0.002016129
A353: Cole Kmet | B353: CHI | C353: TE | D353: 1 | E353: 0 | F353: 0 | G353: =F353/D353 -> 0 | H353: 0 | I353: =D353/(VLOOKUP(B353,'[1]2021 Team'!$B$2:$G$33,3,FALSE)) -> 0.0021052632
A354: Patrick Laird | B354: MIA | C354: RB | D354: 1 | E354: 4 | F354: 0 | G354: =F354/D354 -> 0 | H354: 4 | I354: =D354/(VLOOKUP(B354,'[1]2021 Team'!$B$2:$G$33,3,FALSE)) -> 0.0022624434
A355: Andy Lee | B355: ARI | C355: P | D355: 1 | E355: 0 | F355: 0 | G355: =F355/D355 -> 0 | H355: 0 | I355: =D355/(VLOOKUP(B355,'[1]2021 Team'!$B$2:$G$33,3,FALSE)) -> 0.002016129
A356: Braden Mann | B356: NYJ | C356: P | D356: 1 | E356: 4 | F356: 0 | G356: =F356/D356 -> 0 | H356: 4 | I356: =D356/(VLOOKUP(B356,'[1]2021 Team'!$B$2:$G$33,3,FALSE)) -> 0.0026315789
A357: Nate McCrary | B357: BAL | C357: RB | D357: 1 | E357: -1 | F357: 0 | G357: =F357/D357 -> 0 | H357: -1 | I357: =D357/(VLOOKUP(B357,'[1]2021 Team'!$B$2:$G$33,3,FALSE)) -> 0.001934236
A358: Terry McLaurin | B358: WAS | C358: WR | D358: 1 | E358: 12 | F358: 0 | G358: =F358/D358 -> 0 | H358: 12 | I358: =D358/(VLOOKUP(B358,'[1]2021 Team'!$B$2:$G$33,3,FALSE)) -> 0.0020964361
A359: D.K. Metcalf | B359: SEA | C359: WR | D359: 1 | E359: 6 | F359: 0 | G359: =F359/D359 -> 0 | H359: 6 | I359: =D359/(VLOOKUP(B359,'[1]2021 Team'!$B$2:$G$33,3,FALSE)) -> 0.0024213075
A360: Jakobi Meyers | B360: NWE | C360: WR | D360: 1 | E360: 9 | F360: 0 | G360: =F360/D360 -> 0 | H360: 9 | I360: =D360/(VLOOKUP(B360,'[1]2021 Team'!$B$2:$G$33,3,FALSE)) -> 0.0020449898
A361: Dax Milne | B361: WAS | C361: WR | D361: 1 | E361: 1 | F361: 0 | G361: =F361/D361 -> 0 | H361: 1 | I361: =D361/(VLOOKUP(B361,'[1]2021 Team'!$B$2:$G$33,3,FALSE)) -> 0.0020964361
A362: C.J. Moore | B362: DET | C362: DB | D362: 1 | E362: 28 | F362: 0 | G362: =F362/D362 -> 0 | H362: 28 | I362: =D362/(VLOOKUP(B362,'[1]2021 Team'!$B$2:$G$33,3,FALSE)) -> 0.0023419204
... A389: Olamide Zaccheaus | B389: ATL | C389: WR | D389: 1 | E389: 2 | F389: 0 | G389: =F389/D389 -> 0 | H389: 2 | I389: =D389/(VLOOKUP(B389,'[1]2021 Team'!$B$2:$G$33,3,FALSE)) -> 0.0025445293
A390: Davante Adams | B390: GNB | C390: WR | D390: 0 | E390: 0 | F390: 0 | G390: =F390/D390 -> #DIV/0! | I390: =D390/(VLOOKUP(B390,'[1]2021 Team'!$B$2:$G$33,3,FALSE)) -> 0
A391: Rodney Adams | B391: CHI | C391: WR | D391: 0 | E391: 0 | F391: 0 | G391: =F391/D391 -> #DIV/0! | I391: =D391/(VLOOKUP(B391,'[1]2021 Team'!$B$2:$G$33,3,FALSE)) -> 0
A392: Mo Alie-Cox | B392: IND | C392: TE | D392: 0 | E392: 0 | F392: 0 | G392: =F392/D392 -> #DIV/0! | I392: =D392/(VLOOKUP(B392,'[1]2021 Team'!$B$2:$G$33,3,FALSE)) -> 0
A393: Keenan Allen | B393: LAC | C393: WR | D393: 0 | E393: 0 | F393: 0 | G393: =F393/D393 -> #DIV/0! | I393: =D393/(VLOOKUP(B393,'[1]2021 Team'!$B$2:$G$33,3,FALSE)) -> 0
A394: Geronimo Allison | B394: DET | C394: WR | D394: 0 | E394: 0 | F394: 0 | G394: =F394/D394 -> #DIV/0! | I394: =D394/(VLOOKUP(B394,'[1]2021 Team'!$B$2:$G$33,3,FALSE)) -> 0
A395: Danny Amendola | B395: HOU | C395: WR | D395: 0 | E395: 0 | F395: 0 | G395: =F395/D395 -> #DIV/0! | I395: =D395/(VLOOKUP(B395,'[1]2021 Team'!$B$2:$G$33,3,FALSE)) -> 0
A396: Stephen Anderson | B396: LAC | C396: TE | D396: 0 | E396: 0 | F396: 0 | G396: =F396/D396 -> #DIV/0! | I396: =D396/(VLOOKUP(B396,'[1]2021 Team'!$B$2:$G$33,3,FALSE)) -> 0
A397: JJ Arcega-Whiteside | B397: PHI | C397: WR | D397: 0 | E397: 0 | F397: 0 | G397: =F397/D397 -> #DIV/0! | I397: =D397/(VLOOKUP(B397,'[1]2021 Team'!$B$2:$G$33,3,FALSE)) -> 0
A398: Dan Arnold | B398: CAR | C398: WR | D398: 0 | E398: 0 | F398: 0 | G398: =F398/D398 -> #DIV/0! | I398: =D398/(VLOOKUP(B398,'[1]2021 Team'!$B$2:$G$33,3,FALSE)) -> 0
A399: Dan Arnold | B399: JAX | C399: WR | D399: 0 | E399: 0 | F399: 0 | G399: =F399/D399 -> #DIV/0! | I399: =D399/(VLOOKUP(B399,'[1]2021 Team'!$B$2:$G$33,3,FALSE)) -> 0
A400: Antony Auclair | B400: HOU | C400: TE | D400: 0 | E400: 0 | F400: 0 | G400: =F400/D400 -> #DIV/0! | I400: =D400/(VLOOKUP(B400,'[1]2021 Team'!$B$2:$G$33,3,FALSE)) -> 0
A401: Rashod Bateman | B401: BAL | C401: WR | D401: 0 | E401: 0 | F401: 0 | G401: =F401/D401 -> #DIV/0! | I401: =D401/(VLOOKUP(B401,'[1]2021 Team'!$B$2:$G$33,3,FALSE)) -> 0
... A655: Shane Zylstra | B655: DET | C655: TE | D655: 0 | E655: 0 | F655: 0 | G655: =F655/D655 -> #DIV/0! | I655: =D655/(VLOOKUP(B655,'[1]2021 Team'!$B$2:$G$33,3,FALSE)) -> 0

Sheet 2025 Receiving
A1: Player | B1: Team | C1: Pos | D1: Tgt | E1: Rec | F1: Yds | G1: Y/R | H1: TD | I1: TD % | J1: Target Share | K1: Ctch% | L1: Fmb
A2: Jaxon Smith-Njigba | B2: SEA | C2: WR | D2: 163 | E2: 119 | F2: 1793 | G2: 15.1 | H2: 10 | I2: =RUSH__2[[#This Row],[TD]]/RUSH__2[[#This Row],[Rec]] -> 0.084033613 | J2: =D2/(VLOOKUP(B2,'2025 Team'!$B$2:$G$33,2,FALSE)) -> 0.33887734 | K2: 73.0 | L2: 3
A3: Amon-Ra St. Brown | B3: DET | C3: WR | D3: 172 | E3: 117 | F3: 1401 | G3: 12.0 | H3: 11 | I3: =RUSH__2[[#This Row],[TD]]/RUSH__2[[#This Row],[Rec]] -> 0.094017094 | J3: =D3/(VLOOKUP(B3,'2025 Team'!$B$2:$G$33,2,FALSE)) -> 0.29553265 | K3: 68.0 | L3: 1
A4: Justin Jefferson | B4: MIN | C4: WR | D4: 141 | E4: 84 | F4: 1048 | G4: 12.5 | H4: 2 | I4: =RUSH__2[[#This Row],[TD]]/RUSH__2[[#This Row],[Rec]] -> 0.023809524 | J4: =D4/(VLOOKUP(B4,'2025 Team'!$B$2:$G$33,2,FALSE)) -> 0.29132231 | K4: 59.6 | L4: 0
A5: Ja'Marr Chase | B5: CIN | C5: WR | D5: 185 | E5: 125 | F5: 1412 | G5: 11.3 | H5: 8 | I5: =RUSH__2[[#This Row],[TD]]/RUSH__2[[#This Row],[Rec]] -> 0.064 | J5: =D5/(VLOOKUP(B5,'2025 Team'!$B$2:$G$33,2,FALSE)) -> 0.2890625 | K5: 67.6 | L5: 1
A6: Zay Flowers | B6: BAL | C6: WR | D6: 118 | E6: 86 | F6: 1211 | G6: 14.1 | H6: 5 | I6: =RUSH__2[[#This Row],[TD]]/RUSH__2[[#This Row],[Rec]] -> 0.058139535 | J6: =D6/(VLOOKUP(B6,'2025 Team'!$B$2:$G$33,2,FALSE)) -> 0.27962085 | K6: 72.9 | L6: 3
A7: Puka Nacua | B7: LAR | C7: WR | D7: 166 | E7: 129 | F7: 1715 | G7: 13.3 | H7: 10 | I7: =RUSH__2[[#This Row],[TD]]/RUSH__2[[#This Row],[Rec]] -> 0.07751938 | J7: =D7/(VLOOKUP(B7,'2025 Team'!$B$2:$G$33,2,FALSE)) -> 0.27759197 | K7: 77.7 | L7: 1
A8: Wan'Dale Robinson | B8: NYG | C8: WR | D8: 140 | E8: 92 | F8: 1014 | G8: 11.0 | H8: 4 | I8: =RUSH__2[[#This Row],[TD]]/RUSH__2[[#This Row],[Rec]] -> 0.043478261 | J8: =D8/(VLOOKUP(B8,'2025 Team'!$B$2:$G$33,2,FALSE)) -> 0.2661597 | K8: 65.7 | L8: 1
A9: Chris Olave | B9: NOR | C9: WR | D9: 156 | E9: 100 | F9: 1163 | G9: 11.6 | H9: 9 | I9: =RUSH__2[[#This Row],[TD]]/RUSH__2[[#This Row],[Rec]] -> 0.09 | J9: =D9/(VLOOKUP(B9,'2025 Team'!$B$2:$G$33,2,FALSE)) -> 0.26395939 | K9: 64.1 | L9: 0
A10: Trey McBride | B10: ARI | C10: TE | D10: 169 | E10: 126 | F10: 1239 | G10: 9.8 | H10: 11 | I10: =RUSH__2[[#This Row],[TD]]/RUSH__2[[#This Row],[Rec]] -> 0.087301587 | J10: =D10/(VLOOKUP(B10,'2025 Team'!$B$2:$G$33,2,FALSE)) -> 0.26040062 | K10: 74.6 | L10: 0
A11: A.J. Brown | B11: PHI | C11: WR | D11: 121 | E11: 78 | F11: 1003 | G11: 12.9 | H11: 7 | I11: =RUSH__2[[#This Row],[TD]]/RUSH__2[[#This Row],[Rec]] -> 0.08974359 | J11: =D11/(VLOOKUP(B11,'2025 Team'!$B$2:$G$33,2,FALSE)) -> 0.24346076 | K11: 64.5 | L11: 0
A12: Tetairoa McMillan | B12: CAR | C12: WR | D12: 122 | E12: 70 | F12: 1014 | G12: 14.5 | H12: 7 | I12: =RUSH__2[[#This Row],[TD]]/RUSH__2[[#This Row],[Rec]] -> 0.1 | J12: =D12/(VLOOKUP(B12,'2025 Team'!$B$2:$G$33,2,FALSE)) -> 0.2368932 | K12: 57.4 | L12: 1
A13: Emeka Egbuka | B13: TAM | C13: WR | D13: 127 | E13: 63 | F13: 938 | G13: 14.9 | H13: 6 | I13: =RUSH__2[[#This Row],[TD]]/RUSH__2[[#This Row],[Rec]] -> 0.095238095 | J13: =D13/(VLOOKUP(B13,'2025 Team'!$B$2:$G$33,2,FALSE)) -> 0.22759857 | K13: 49.6 | L13: 0
... A448: Anthony Gould | B448: IND | C448: WR | D448: 2 | E448: 2 | F448: 6 | G448: 3.0 | H448: 0 | I448: =RUSH__2[[#This Row],[TD]]/RUSH__2[[#This Row],[Rec]] -> 0 | J448: =D448/(VLOOKUP(B448,'2025 Team'!$B$2:$G$33,2,FALSE)) -> 0.0036563071 | K448: 100.0 | L448: 0
A449: DJ Giddens | B449: IND | C449: RB | D449: 2 | E449: 0 | F449: 0 | H449: 0 | I449: =RUSH__2[[#This Row],[TD]]/RUSH__2[[#This Row],[Rec]] -> #DIV/0! | J449: =D449/(VLOOKUP(B449,'2025 Team'!$B$2:$G$33,2,FALSE)) -> 0.0036563071 | K449: 0.0 | L449: 0
A450: Kaleb Johnson | B450: PIT | C450: RB | D450: 2 | E450: 1 | F450: 9 | G450: 9.0 | H450: 0 | I450: =RUSH__2[[#This Row],[TD]]/RUSH__2[[#This Row],[Rec]] -> 0 | J450: =D450/(VLOOKUP(B450,'2025 Team'!$B$2:$G$33,2,FALSE)) -> 0.0036363636 | K450: 50.0 | L450: 1
A451: Julius Chestnut | B451: TEN | C451: RB | D451: 2 | E451: 0 | F451: 0 | H451: 0 | I451: =RUSH__2[[#This Row],[TD]]/RUSH__2[[#This Row],[Rec]] -> #DIV/0! | J451: =D451/(VLOOKUP(B451,'2025 Team'!$B$2:$G$33,2,FALSE)) -> 0.0035087719 | K451: 0.0 | L451: 0
A452: Caleb Williams | B452: CHI | C452: QB | D452: 2 | E452: 2 | F452: 22 | G452: 11.0 | H452: 1 | I452: =RUSH__2[[#This Row],[TD]]/RUSH__2[[#This Row],[Rec]] -> 0.5 | J452: =D452/(VLOOKUP(B452,'2025 Team'!$B$2:$G$33,2,FALSE)) -> 0.0034843206 | K452: 100.0 | L452: 9
A453: Brenden Bates | B453: HOU | C453: TE | D453: 2 | E453: 2 | F453: 23 | G453: 11.5 | H453: 0 | I453: =RUSH__2[[#This Row],[TD]]/RUSH__2[[#This Row],[Rec]] -> 0 | J453: =D453/(VLOOKUP(B453,'2025 Team'!$B$2:$G$33,2,FALSE)) -> 0.0034364261 | K453: 100.0 | L453: 0
A454: Jared Wayne | B454: HOU | C454: WR | D454: 2 | E454: 2 | F454: 20 | G454: 10.0 | H454: 0 | I454: =RUSH__2[[#This Row],[TD]]/RUSH__2[[#This Row],[Rec]] -> 0 | J454: =D454/(VLOOKUP(B454,'2025 Team'!$B$2:$G$33,2,FALSE)) -> 0.0034364261 | K454: 100.0 | L454: 0
A455: Clyde Edwards-Helaire | B455: KAN | C455: RB | D455: 2 | E455: 2 | F455: 9 | G455: 4.5 | H455: 0 | I455: =RUSH__2[[#This Row],[TD]]/RUSH__2[[#This Row],[Rec]] -> 0 | J455: =D455/(VLOOKUP(B455,'2025 Team'!$B$2:$G$33,2,FALSE)) -> 0.0034246575 | K455: 100.0 | L455: 0
A456: Moliki Matavao | B456: NOR | C456: TE | D456: 2 | E456: 2 | F456: 10 | G456: 5.0 | H456: 0 | I456: =RUSH__2[[#This Row],[TD]]/RUSH__2[[#This Row],[Rec]] -> 0 | J456: =D456/(VLOOKUP(B456,'2025 Team'!$B$2:$G$33,2,FALSE)) -> 0.0033840948 | K456: 100.0 | L456: 0
A457: Spencer Rattler | B457: NOR | C457: QB | D457: 2 | E457: 1 | F457: 0 | G457: 0.0 | H457: 0 | I457: =RUSH__2[[#This Row],[TD]]/RUSH__2[[#This Row],[Rec]] -> 0 | J457: =D457/(VLOOKUP(B457,'2025 Team'!$B$2:$G$33,2,FALSE)) -> 0.0033840948 | K457: 50.0 | L457: 4
A458: Phil Mafah | B458: DAL | C458: RB | D458: 2 | E458: 2 | F458: 11 | G458: 5.5 | H458: 0 | I458: =RUSH__2[[#This Row],[TD]]/RUSH__2[[#This Row],[Rec]] -> 0 | J458: =D458/(VLOOKUP(B458,'2025 Team'!$B$2:$G$33,2,FALSE)) -> 0.0032051282 | K458: 100.0 | L458: 0
A459: Cam Grandy | B459: CIN | C459: TE | D459: 2 | E459: 2 | F459: 7 | G459: 3.5 | H459: 0 | I459: =RUSH__2[[#This Row],[TD]]/RUSH__2[[#This Row],[Rec]] -> 0 | J459: =D459/(VLOOKUP(B459,'2025 Team'!$B$2:$G$33,2,FALSE)) -> 0.003125 | K459: 100.0 | L459: 1
A460: Tahj Brooks | B460: CIN | C460: RB | D460: 2 | E460: 1 | F460: 9 | G460: 9.0 | H460: 0 | I460: =RUSH__2[[#This Row],[TD]]/RUSH__2[[#This Row],[Rec]] -> 0 | J460: =D460/(VLOOKUP(B460,'2025 Team'!$B$2:$G$33,2,FALSE)) -> 0.003125 | K460: 50.0 | L460: 0
A461: Pharaoh Brown | B461: ARI | C461: TE | D461: 2 | E461: 2 | F461: 1 | G461: 0.5 | H461: 0 | I461: =RUSH__2[[#This Row],[TD]]/RUSH__2[[#This Row],[Rec]] -> 0 | J461: =D461/(VLOOKUP(B461,'2025 Team'!$B$2:$G$33,2,FALSE)) -> 0.0030816641 | K461: 100.0 | L461: 0
A462: Jacoby Jones | B462: WAS | C462: WR | D462: 1 | E462: 1 | F462: 25 | G462: 25.0 | H462: 0 | I462: =RUSH__2[[#This Row],[TD]]/RUSH__2[[#This Row],[Rec]] -> 0 | J462: =D462/(VLOOKUP(B462,'2025 Team'!$B$2:$G$33,2,FALSE)) -> 0.0021321962 | K462: 100.0 | L462: 0
A463: Quinn Ewers | B463: MIA | C463: QB | D463: 1 | E463: 1 | F463: -6 | G463: -6.0 | H463: 0 | I463: =RUSH__2[[#This Row],[TD]]/RUSH__2[[#This Row],[Rec]] -> 0 | J463: =D463/(VLOOKUP(B463,'2025 Team'!$B$2:$G$33,2,FALSE)) -> 0.0020876827 | K463: 100.0 | L463: 3
A464: Brady Russell | B464: SEA | C464: FB | D464: 1 | E464: 0 | F464: 0 | H464: 0 | I464: =RUSH__2[[#This Row],[TD]]/RUSH__2[[#This Row],[Rec]] -> #DIV/0! | J464: =D464/(VLOOKUP(B464,'2025 Team'!$B$2:$G$33,2,FALSE)) -> 0.0020790021 | K464: 0.0 | L464: 0
A465: Nick Kallerup | B465: SEA | C465: TE | D465: 1 | E465: 0 | F465: 0 | H465: 0 | I465: =RUSH__2[[#This Row],[TD]]/RUSH__2[[#This Row],[Rec]] -> #DIV/0! | J465: =D465/(VLOOKUP(B465,'2025 Team'!$B$2:$G$33,2,FALSE)) -> 0.0020790021 | K465: 0.0 | L465: 0
A466: Cam Akers | B466: MIN | C466: RB | D466: 1 | E466: 0 | F466: 0 | H466: 0 | I466: =RUSH__2[[#This Row],[TD]]/RUSH__2[[#This Row],[Rec]] -> #DIV/0! | J466: =D466/(VLOOKUP(B466,'2025 Team'!$B$2:$G$33,2,FALSE)) -> 0.0020661157 | K466: 0.0 | L466: 0
A467: Justin Fields | B467: NYJ | C467: QB | D467: 1 | E467: 0 | F467: 0 | H467: 0 | I467: =RUSH__2[[#This Row],[TD]]/RUSH__2[[#This Row],[Rec]] -> #DIV/0! | J467: =D467/(VLOOKUP(B467,'2025 Team'!$B$2:$G$33,2,FALSE)) -> 0.0020242915 | K467: 0.0 | L467: 4
A468: Kene Nwangwu | B468: NYJ | C468: RB | D468: 1 | E468: 0 | F468: 0 | H468: 0 | I468: =RUSH__2[[#This Row],[TD]]/RUSH__2[[#This Row],[Rec]] -> #DIV/0! | J468: =D468/(VLOOKUP(B468,'2025 Team'!$B$2:$G$33,2,FALSE)) -> 0.0020242915 | K468: 0.0 | L468: 0
A469: Malachi Moore | B469: NYJ | C469: DB | D469: 1 | E469: 1 | F469: 3 | G469: 3.0 | H469: 0 | I469: =RUSH__2[[#This Row],[TD]]/RUSH__2[[#This Row],[Rec]] -> 0 | J469: =D469/(VLOOKUP(B469,'2025 Team'!$B$2:$G$33,2,FALSE)) -> 0.0020242915 | K469: 100.0 | L469: 1
A470: Quentin Skinner | B470: NYJ | C470: WR | D470: 1 | E470: 1 | F470: 10 | G470: 10.0 | H470: 0 | I470: =RUSH__2[[#This Row],[TD]]/RUSH__2[[#This Row],[Rec]] -> 0 | J470: =D470/(VLOOKUP(B470,'2025 Team'!$B$2:$G$33,2,FALSE)) -> 0.0020242915 | K470: 100.0 | L470: 0
A471: Mecole Hardman | B471: BUF | C471: WR | D471: 1 | E471: 0 | F471: 0 | H471: 0 | I471: =RUSH__2[[#This Row],[TD]]/RUSH__2[[#This Row],[Rec]] -> #DIV/0! | J471: =D471/(VLOOKUP(B471,'2025 Team'!$B$2:$G$33,2,FALSE)) -> 0.002020202 | K471: 0.0 | L471: 1
A472: Drake Maye | B472: NWE | C472: QB | D472: 1 | E472: 1 | F472: 2 | G472: 2.0 | H472: 0 | I472: =RUSH__2[[#This Row],[TD]]/RUSH__2[[#This Row],[Rec]] -> 0 | J472: =D472/(VLOOKUP(B472,'2025 Team'!$B$2:$G$33,2,FALSE)) -> 0.0019920319 | K472: 100.0 | L472: 8
A473: Terrell Jennings | B473: NWE | C473: RB | D473: 1 | E473: 1 | F473: 9 | G473: 9.0 | H473: 0 | I473: =RUSH__2[[#This Row],[TD]]/RUSH__2[[#This Row],[Rec]] -> 0 | J473: =D473/(VLOOKUP(B473,'2025 Team'!$B$2:$G$33,2,FALSE)) -> 0.0019920319 | K473: 100.0 | L473: 0
A474: Alex Cappa | B474: LVR | C474: G | D474: 1 | E474: 0 | F474: 0 | H474: 0 | I474: =RUSH__2[[#This Row],[TD]]/RUSH__2[[#This Row],[Rec]] -> #DIV/0! | J474: =D474/(VLOOKUP(B474,'2025 Team'!$B$2:$G$33,2,FALSE)) -> 0.0019417476 | K474: 0.0 | L474: 0
A475: Carter Runyon | B475: LVR | C475: TE | D475: 1 | E475: 1 | F475: 3 | G475: 3.0 | H475: 0 | I475: =RUSH__2[[#This Row],[TD]]/RUSH__2[[#This Row],[Rec]] -> 0 | J475: =D475/(VLOOKUP(B475,'2025 Team'!$B$2:$G$33,2,FALSE)) -> 0.0019417476 | K475: 100.0 | L475: 0
A476: David Moore | B476: CAR | C476: WR | D476: 1 | E476: 1 | F476: 5 | G476: 5.0 | H476: 0 | I476: =RUSH__2[[#This Row],[TD]]/RUSH__2[[#This Row],[Rec]] -> 0 | J476: =D476/(VLOOKUP(B476,'2025 Team'!$B$2:$G$33,2,FALSE)) -> 0.0019417476 | K476: 100.0 | L476: 0
A477: Jameis Winston | B477: NYG | C477: QB | D477: 1 | E477: 1 | F477: 33 | G477: 33.0 | H477: 1 | I477: =RUSH__2[[#This Row],[TD]]/RUSH__2[[#This Row],[Rec]] -> 1 | J477: =D477/(VLOOKUP(B477,'2025 Team'!$B$2:$G$33,2,FALSE)) -> 0.0019011407 | K477: 100.0 | L477: 1
A478: Ray-Ray McCloud | B478: NYG | C478: WR | D478: 1 | E478: 1 | F478: 5 | G478: 5.0 | H478: 0 | I478: =RUSH__2[[#This Row],[TD]]/RUSH__2[[#This Row],[Rec]] -> 0 | J478: =D478/(VLOOKUP(B478,'2025 Team'!$B$2:$G$33,2,FALSE)) -> 0.0019011407 | K478: 100.0 | L478: 0
A479: Jake Matthews | B479: ATL | C479: T | D479: 1 | E479: 0 | F479: 0 | H479: 0 | I479: =RUSH__2[[#This Row],[TD]]/RUSH__2[[#This Row],[Rec]] -> #DIV/0! | J479: =D479/(VLOOKUP(B479,'2025 Team'!$B$2:$G$33,2,FALSE)) -> 0.0018348624 | K479: 0.0 | L479: 0
A480: Anthony Richardson | B480: IND | C480: QB | D480: 1 | E480: 1 | F480: 9 | G480: 9.0 | H480: 0 | I480: =RUSH__2[[#This Row],[TD]]/RUSH__2[[#This Row],[Rec]] -> 0 | J480: =D480/(VLOOKUP(B480,'2025 Team'!$B$2:$G$33,2,FALSE)) -> 0.0018281536 | K480: 100.0 | L480: 0
A481: Bernhard Raimann | B481: IND | C481: T | D481: 1 | E481: 0 | F481: 0 | H481: 0 | I481: =RUSH__2[[#This Row],[TD]]/RUSH__2[[#This Row],[Rec]] -> #DIV/0! | J481: =D481/(VLOOKUP(B481,'2025 Team'!$B$2:$G$33,2,FALSE)) -> 0.0018281536 | K481: 0.0 | L481: 0
A482: Coleman Owen | B482: IND | C482: WR | D482: 1 | E482: 0 | F482: 0 | H482: 0 | I482: =RUSH__2[[#This Row],[TD]]/RUSH__2[[#This Row],[Rec]] -> #DIV/0! | J482: =D482/(VLOOKUP(B482,'2025 Team'!$B$2:$G$33,2,FALSE)) -> 0.0018281536 | K482: 0.0 | L482: 0
A483: Will Mallory | B483: IND | C483: TE | D483: 1 | E483: 1 | F483: 16 | G483: 16.0 | H483: 0 | I483: =RUSH__2[[#This Row],[TD]]/RUSH__2[[#This Row],[Rec]] -> 0 | J483: =D483/(VLOOKUP(B483,'2025 Team'!$B$2:$G$33,2,FALSE)) -> 0.0018281536 | K483: 100.0 | L483: 0
A484: Aaron Rodgers | B484: PIT | C484: QB | D484: 1 | E484: 1 | F484: -9 | G484: -9.0 | H484: 0 | I484: =RUSH__2[[#This Row],[TD]]/RUSH__2[[#This Row],[Rec]] -> 0 | J484: =D484/(VLOOKUP(B484,'2025 Team'!$B$2:$G$33,2,FALSE)) -> 0.0018181818 | K484: 100.0 | L484: 4
A485: Spencer Anderson | B485: PIT | C485: OL | D485: 1 | E485: 1 | F485: 4 | G485: 4.0 | H485: 0 | I485: =RUSH__2[[#This Row],[TD]]/RUSH__2[[#This Row],[Rec]] -> 0 | J485: =D485/(VLOOKUP(B485,'2025 Team'!$B$2:$G$33,2,FALSE)) -> 0.0018181818 | K485: 100.0 | L485: 0
A486: Devin Culp | B486: TAM | C486: TE | D486: 1 | E486: 1 | F486: 6 | G486: 6.0 | H486: 1 | I486: =RUSH__2[[#This Row],[TD]]/RUSH__2[[#This Row],[Rec]] -> 1 | J486: =D486/(VLOOKUP(B486,'2025 Team'!$B$2:$G$33,2,FALSE)) -> 0.0017921147 | K486: 100.0 | L486: 0
A487: Luke Wypler | B487: CLE | C487: C | D487: 1 | E487: 0 | F487: 0 | H487: 0 | I487: =RUSH__2[[#This Row],[TD]]/RUSH__2[[#This Row],[Rec]] -> #DIV/0! | J487: =D487/(VLOOKUP(B487,'2025 Team'!$B$2:$G$33,2,FALSE)) -> 0.0017921147 | K487: 0.0 | L487: 0
A488: Tristan Wirfs | B488: TAM | C488: T | D488: 1 | E488: 1 | F488: 2 | G488: 2.0 | H488: 1 | I488: =RUSH__2[[#This Row],[TD]]/RUSH__2[[#This Row],[Rec]] -> 1 | J488: =D488/(VLOOKUP(B488,'2025 Team'!$B$2:$G$33,2,FALSE)) -> 0.0017921147 | K488: 100.0 | L488: 0
A489: DeeJay Dallas | B489: JAX | C489: RB | D489: 1 | E489: 0 | F489: 0 | H489: 0 | I489: =RUSH__2[[#This Row],[TD]]/RUSH__2[[#This Row],[Rec]] -> #DIV/0! | J489: =D489/(VLOOKUP(B489,'2025 Team'!$B$2:$G$33,2,FALSE)) -> 0.0017761989 | K489: 0.0 | L489: 0
A490: Tim Jones | B490: JAX | C490: WR | D490: 1 | E490: 1 | F490: 15 | G490: 15.0 | H490: 0 | I490: =RUSH__2[[#This Row],[TD]]/RUSH__2[[#This Row],[Rec]] -> 0 | J490: =D490/(VLOOKUP(B490,'2025 Team'!$B$2:$G$33,2,FALSE)) -> 0.0017761989 | K490: 100.0 | L490: 0
A491: Amar Johnson | B491: LAC | C491: RB | D491: 1 | E491: 0 | F491: 0 | H491: 0 | I491: =RUSH__2[[#This Row],[TD]]/RUSH__2[[#This Row],[Rec]] -> #DIV/0! | J491: =D491/(VLOOKUP(B491,'2025 Team'!$B$2:$G$33,2,FALSE)) -> 0.0017574692 | K491: 0.0 | L491: 0
A492: Trayveon Williams | B492: LAC | C492: RB | D492: 1 | E492: 1 | F492: 0 | G492: 0.0 | H492: 0 | I492: =RUSH__2[[#This Row],[TD]]/RUSH__2[[#This Row],[Rec]] -> 0 | J492: =D492/(VLOOKUP(B492,'2025 Team'!$B$2:$G$33,2,FALSE)) -> 0.0017574692 | K492: 100.0 | L492: 0
A493: Trevor Penning | B493: LAC | C493: OT | D493: 1 | E493: 0 | F493: 0 | H493: 0 | I493: =RUSH__2[[#This Row],[TD]]/RUSH__2[[#This Row],[Rec]] -> #DIV/0! | J493: =D493/(VLOOKUP(B493,'2025 Team'!$B$2:$G$33,2,FALSE)) -> 0.0017574692 | K493: 0.0 | L493: 0
A494: Bryce Oliver | B494: TEN | C494: WR | D494: 1 | E494: 1 | F494: 8 | G494: 8.0 | H494: 0 | I494: =RUSH__2[[#This Row],[TD]]/RUSH__2[[#This Row],[Rec]] -> 0 | J494: =D494/(VLOOKUP(B494,'2025 Team'!$B$2:$G$33,2,FALSE)) -> 0.001754386 | K494: 100.0 | L494: 0
A495: Jeffery Simmons | B495: TEN | C495: DT | D495: 1 | E495: 1 | F495: 1 | G495: 1.0 | H495: 1 | I495: =RUSH__2[[#This Row],[TD]]/RUSH__2[[#This Row],[Rec]] -> 1 | J495: =D495/(VLOOKUP(B495,'2025 Team'!$B$2:$G$33,2,FALSE)) -> 0.001754386 | K495: 100.0 | L495: 0
A496: Brayden Willis | B496: SFO | C496: TE | D496: 1 | E496: 0 | F496: 0 | H496: 0 | I496: =RUSH__2[[#This Row],[TD]]/RUSH__2[[#This Row],[Rec]] -> #DIV/0! | J496: =D496/(VLOOKUP(B496,'2025 Team'!$B$2:$G$33,2,FALSE)) -> 0.0017421603 | K496: 0.0 | L496: 0
A497: Brittain Brown | B497: CHI | C497: RB | D497: 1 | E497: 0 | F497: 0 | H497: 0 | I497: =RUSH__2[[#This Row],[TD]]/RUSH__2[[#This Row],[Rec]] -> #DIV/0! | J497: =D497/(VLOOKUP(B497,'2025 Team'!$B$2:$G$33,2,FALSE)) -> 0.0017421603 | K497: 0.0 | L497: 0
A498: Connor Colby | B498: SFO | C498: OL | D498: 1 | E498: 1 | F498: -1 | G498: -1.0 | H498: 0 | I498: =RUSH__2[[#This Row],[TD]]/RUSH__2[[#This Row],[Rec]] -> 0 | J498: =D498/(VLOOKUP(B498,'2025 Team'!$B$2:$G$33,2,FALSE)) -> 0.0017421603 | K498: 100.0 | L498: 0
A499: Malik Turner | B499: SFO | C499: WR | D499: 1 | E499: 0 | F499: 0 | H499: 0 | I499: =RUSH__2[[#This Row],[TD]]/RUSH__2[[#This Row],[Rec]] -> #DIV/0! | J499: =D499/(VLOOKUP(B499,'2025 Team'!$B$2:$G$33,2,FALSE)) -> 0.0017421603 | K499: 0.0 | L499: 0
A500: Dameon Pierce | B500: HOU | C500: RB | D500: 1 | E500: 0 | F500: 0 | H500: 0 | I500: =RUSH__2[[#This Row],[TD]]/RUSH__2[[#This Row],[Rec]] -> #DIV/0! | J500: =D500/(VLOOKUP(B500,'2025 Team'!$B$2:$G$33,2,FALSE)) -> 0.0017182131 | K500: 0.0 | L500: 0
A501: Giovanni Ricci | B501: DET | C501: TE | D501: 1 | E501: 0 | F501: 0 | H501: 0 | I501: =RUSH__2[[#This Row],[TD]]/RUSH__2[[#This Row],[Rec]] -> #DIV/0! | J501: =D501/(VLOOKUP(B501,'2025 Team'!$B$2:$G$33,2,FALSE)) -> 0.0017182131 | K501: 0.0 | L501: 0
A502: Elijah Mitchell | B502: KAN | C502: RB | D502: 1 | E502: 0 | F502: 0 | H502: 0 | I502: =RUSH__2[[#This Row],[TD]]/RUSH__2[[#This Row],[Rec]] -> #DIV/0! | J502: =D502/(VLOOKUP(B502,'2025 Team'!$B$2:$G$33,2,FALSE)) -> 0.0017123288 | K502: 0.0 | L502: 0
A503: Jared Wiley | B503: KAN | C503: TE | D503: 1 | E503: 1 | F503: 4 | G503: 4.0 | H503: 0 | I503: =RUSH__2[[#This Row],[TD]]/RUSH__2[[#This Row],[Rec]] -> 0 | J503: =D503/(VLOOKUP(B503,'2025 Team'!$B$2:$G$33,2,FALSE)) -> 0.0017123288 | K503: 100.0 | L503: 0
A504: Jason Brownlee | B504: KAN | C504: WR | D504: 1 | E504: 0 | F504: 0 | H504: 0 | I504: =RUSH__2[[#This Row],[TD]]/RUSH__2[[#This Row],[Rec]] -> #DIV/0! | J504: =D504/(VLOOKUP(B504,'2025 Team'!$B$2:$G$33,2,FALSE)) -> 0.0017123288 | K504: 0.0 | L504: 0
A505: Nikko Remigio | B505: KAN | C505: WR | D505: 1 | E505: 1 | F505: 21 | G505: 21.0 | H505: 0 | I505: =RUSH__2[[#This Row],[TD]]/RUSH__2[[#This Row],[Rec]] -> 0 | J505: =D505/(VLOOKUP(B505,'2025 Team'!$B$2:$G$33,2,FALSE)) -> 0.0017123288 | K505: 100.0 | L505: 2
A506: Patrick Mahomes | B506: KAN | C506: QB | D506: 1 | E506: 1 | F506: -10 | G506: -10.0 | H506: 0 | I506: =RUSH__2[[#This Row],[TD]]/RUSH__2[[#This Row],[Rec]] -> 0 | J506: =D506/(VLOOKUP(B506,'2025 Team'!$B$2:$G$33,2,FALSE)) -> 0.0017123288 | K506: 100.0 | L506: 3
A507: Robert Tonyan | B507: KAN | C507: TE | D507: 1 | E507: 1 | F507: 1 | G507: 1.0 | H507: 0 | I507: =RUSH__2[[#This Row],[TD]]/RUSH__2[[#This Row],[Rec]] -> 0 | J507: =D507/(VLOOKUP(B507,'2025 Team'!$B$2:$G$33,2,FALSE)) -> 0.0017123288 | K507: 100.0 | L507: 0
A508: Evan Hull | B508: NOR | C508: RB | D508: 1 | E508: 1 | F508: 6 | G508: 6.0 | H508: 0 | I508: =RUSH__2[[#This Row],[TD]]/RUSH__2[[#This Row],[Rec]] -> 0 | J508: =D508/(VLOOKUP(B508,'2025 Team'!$B$2:$G$33,2,FALSE)) -> 0.0016920474 | K508: 100.0 | L508: 0
A509: Zaire Mitchell-Paden | B509: NOR | C509: TE | D509: 1 | E509: 1 | F509: 14 | G509: 14.0 | H509: 0 | I509: =RUSH__2[[#This Row],[TD]]/RUSH__2[[#This Row],[Rec]] -> 0 | J509: =D509/(VLOOKUP(B509,'2025 Team'!$B$2:$G$33,2,FALSE)) -> 0.0016920474 | K509: 100.0 | L509: 0
A510: Bo Nix | B510: DEN | C510: QB | D510: 1 | E510: 0 | F510: 0 | H510: 0 | I510: =RUSH__2[[#This Row],[TD]]/RUSH__2[[#This Row],[Rec]] -> #DIV/0! | J510: =D510/(VLOOKUP(B510,'2025 Team'!$B$2:$G$33,2,FALSE)) -> 0.0016313214 | K510: 0.0 | L510: 4
A511: Garett Bolles | B511: DEN | C511: T | D511: 1 | E511: 0 | F511: 0 | H511: 0 | I511: =RUSH__2[[#This Row],[TD]]/RUSH__2[[#This Row],[Rec]] -> #DIV/0! | J511: =D511/(VLOOKUP(B511,'2025 Team'!$B$2:$G$33,2,FALSE)) -> 0.0016313214 | K511: 0.0 | L511: 0
A512: Jaydon Blue | B512: DAL | C512: RB | D512: 1 | E512: 1 | F512: 5 | G512: 5.0 | H512: 0 | I512: =RUSH__2[[#This Row],[TD]]/RUSH__2[[#This Row],[Rec]] -> 0 | J512: =D512/(VLOOKUP(B512,'2025 Team'!$B$2:$G$33,2,FALSE)) -> 0.0016025641 | K512: 100.0 | L512: 1
A513: Charlie Jones | B513: CIN | C513: WR | D513: 1 | E513: 0 | F513: 0 | H513: 0 | I513: =RUSH__2[[#This Row],[TD]]/RUSH__2[[#This Row],[Rec]] -> #DIV/0! | J513: =D513/(VLOOKUP(B513,'2025 Team'!$B$2:$G$33,2,FALSE)) -> 0.0015625 | K513: 0.0 | L513: 0
A514: Cody Ford | B514: CIN | C514: OT | D514: 1 | E514: 1 | F514: 21 | G514: 21.0 | H514: 0 | I514: =RUSH__2[[#This Row],[TD]]/RUSH__2[[#This Row],[Rec]] -> 0 | J514: =D514/(VLOOKUP(B514,'2025 Team'!$B$2:$G$33,2,FALSE)) -> 0.0015625 | K514: 100.0 | L514: 0
A515: Ke'Shawn Williams | B515: CIN | C515: WR | D515: 1 | E515: 1 | F515: 5 | G515: 5.0 | H515: 0 | I515: =RUSH__2[[#This Row],[TD]]/RUSH__2[[#This Row],[Rec]] -> 0 | J515: =D515/(VLOOKUP(B515,'2025 Team'!$B$2:$G$33,2,FALSE)) -> 0.0015625 | K515: 100.0 | L515: 0
A516: Steven Sims | B516: ARI | C516: WR | D516: 1 | E516: 0 | F516: 0 | H516: 0 | I516: =RUSH__2[[#This Row],[TD]]/RUSH__2[[#This Row],[Rec]] -> #DIV/0! | J516: =D516/(VLOOKUP(B516,'2025 Team'!$B$2:$G$33,2,FALSE)) -> 0.001540832 | K516: 0.0 | L516: 0
A517: Trent Sherfield | B517: ARI | C517: WR | D517: 1 | E517: 0 | F517: 0 | H517: 0 | I517: =RUSH__2[[#This Row],[TD]]/RUSH__2[[#This Row],[Rec]] -> #DIV/0! | J517: =D517/(VLOOKUP(B517,'2025 Team'!$B$2:$G$33,2,FALSE)) -> 0.001540832 | K517: 0.0 | L517: 0
A518: Adrian Martinez | B518: SFO | C518: QB | D518: 0 | E518: 0 | F518: 0 | H518: 0 | I518: =RUSH__2[[#This Row],[TD]]/RUSH__2[[#This Row],[Rec]] -> #DIV/0! | J518: =D518/(VLOOKUP(B518,'2025 Team'!$B$2:$G$33,2,FALSE)) -> 0 | L518: 0
A519: Aidan O'Connell | B519: LVR | C519: QB | D519: 0 | E519: 0 | F519: 0 | H519: 0 | I519: =RUSH__2[[#This Row],[TD]]/RUSH__2[[#This Row],[Rec]] -> #DIV/0! | J519: =D519/(VLOOKUP(B519,'2025 Team'!$B$2:$G$33,2,FALSE)) -> 0 | L519: 0
A520: Andy Dalton | B520: CAR | C520: QB | D520: 0 | E520: 0 | F520: 0 | H520: 0 | I520: =RUSH__2[[#This Row],[TD]]/RUSH__2[[#This Row],[Rec]] -> #DIV/0! | J520: =D520/(VLOOKUP(B520,'2025 Team'!$B$2:$G$33,2,FALSE)) -> 0 | L520: 2
A521: Baker Mayfield | B521: TAM | C521: QB | D521: 0 | E521: 0 | F521: 0 | H521: 0 | I521: =RUSH__2[[#This Row],[TD]]/RUSH__2[[#This Row],[Rec]] -> #DIV/0! | J521: =D521/(VLOOKUP(B521,'2025 Team'!$B$2:$G$33,2,FALSE)) -> 0 | L521: 11
A522: Braden Mann | B522: PHI | C522: P | D522: 0 | E522: 0 | F522: 0 | H522: 0 | I522: =RUSH__2[[#This Row],[TD]]/RUSH__2[[#This Row],[Rec]] -> #DIV/0! | J522: =D522/(VLOOKUP(B522,'2025 Team'!$B$2:$G$33,2,FALSE)) -> 0 | L522: 0
A523: Brady Cook | B523: NYJ | C523: QB | D523: 0 | E523: 0 | F523: 0 | H523: 0 | I523: =RUSH__2[[#This Row],[TD]]/RUSH__2[[#This Row],[Rec]] -> #DIV/0! | J523: =D523/(VLOOKUP(B523,'2025 Team'!$B$2:$G$33,2,FALSE)) -> 0 | L523: 3
A524: Brandon Aubrey | B524: DAL | C524: K | D524: 0 | E524: 0 | F524: 0 | H524: 0 | I524: =RUSH__2[[#This Row],[TD]]/RUSH__2[[#This Row],[Rec]] -> #DIV/0! | J524: =D524/(VLOOKUP(B524,'2025 Team'!$B$2:$G$33,2,FALSE)) -> 0 | L524: 0
A525: British Brooks | B525: HOU | C525: RB | D525: 0 | E525: 0 | F525: 0 | H525: 0 | I525: =RUSH__2[[#This Row],[TD]]/RUSH__2[[#This Row],[Rec]] -> #DIV/0! | J525: =D525/(VLOOKUP(B525,'2025 Team'!$B$2:$G$33,2,FALSE)) -> 0 | L525: 0
A526: Brock Purdy | B526: SFO | C526: QB | D526: 0 | E526: 0 | F526: 0 | H526: 0 | I526: =RUSH__2[[#This Row],[TD]]/RUSH__2[[#This Row],[Rec]] -> #DIV/0! | J526: =D526/(VLOOKUP(B526,'2025 Team'!$B$2:$G$33,2,FALSE)) -> 0 | L526: 3
A527: Bryce Young | B527: CAR | C527: QB | D527: 0 | E527: 0 | F527: 0 | H527: 0 | I527: =RUSH__2[[#This Row],[TD]]/RUSH__2[[#This Row],[Rec]] -> #DIV/0! | J527: =D527/(VLOOKUP(B527,'2025 Team'!$B$2:$G$33,2,FALSE)) -> 0 | L527: 7
A528: C.J. Stroud | B528: HOU | C528: QB | D528: 0 | E528: 0 | F528: 0 | H528: 0 | I528: =RUSH__2[[#This Row],[TD]]/RUSH__2[[#This Row],[Rec]] -> #DIV/0! | J528: =D528/(VLOOKUP(B528,'2025 Team'!$B$2:$G$33,2,FALSE)) -> 0 | L528: 2
A529: Cam Ward | B529: TEN | C529: QB | D529: 0 | E529: 0 | F529: 0 | H529: 0 | I529: =RUSH__2[[#This Row],[TD]]/RUSH__2[[#This Row],[Rec]] -> #DIV/0! | J529: =D529/(VLOOKUP(B529,'2025 Team'!$B$2:$G$33,2,FALSE)) -> 0 | L529: 11
... A616: Zach Wilson | B616: MIA | C616: QB | D616: 0 | E616: 0 | F616: 0 | H616: 0 | I616: =RUSH__2[[#This Row],[TD]]/RUSH__2[[#This Row],[Rec]] -> #DIV/0! | J616: =D616/(VLOOKUP(B616,'2025 Team'!$B$2:$G$33,2,FALSE)) -> 0 | L616: 0

Sheet 2024 Receiving
A1: Player | B1: Team | C1: Pos | D1: Tgt | E1: Rec | F1: Yds | G1: Y/R | H1: TD | I1: TD % | J1: Target Share | K1: Ctch% | L1: Fmb
A2: Ja'Marr Chase | B2: CIN | C2: WR | D2: 175 | E2: 127 | F2: 1708 | G2: 13.4 | H2: 17 | I2: =H2/E2 -> 0.13385827 | J2: =D2/(VLOOKUP(B2,'2024 Team'!$B$2:$G$33,2,FALSE)) -> 0.26840491 | K2: 72.6 | L2: 0
A3: Amon-Ra St. Brown | B3: DET | C3: WR | D3: 141 | E3: 115 | F3: 1263 | G3: 11.0 | H3: 12 | I3: =H3/E3 -> 0.10434783 | J3: =D3/(VLOOKUP(B3,'2024 Team'!$B$2:$G$33,2,FALSE)) -> 0.25589837 | K3: 81.6 | L3: 1
A4: Brock Bowers | B4: LVR | C4: TE | D4: 153 | E4: 112 | F4: 1194 | G4: 10.7 | H4: 5 | I4: =H4/E4 -> 0.044642857 | J4: =D4/(VLOOKUP(B4,'2024 Team'!$B$2:$G$33,2,FALSE)) -> 0.24094488 | K4: 73.2 | L4: 0
A5: Trey McBride | B5: ARI | C5: TE | D5: 147 | E5: 111 | F5: 1146 | G5: 10.3 | H5: 2 | I5: =H5/E5 -> 0.018018018 | J5: =D5/(VLOOKUP(B5,'2024 Team'!$B$2:$G$33,2,FALSE)) -> 0.27071823 | K5: 75.5 | L5: 0
A6: Malik Nabers | B6: NYG | C6: WR | D6: 170 | E6: 109 | F6: 1204 | G6: 11.0 | H6: 7 | I6: =H6/E6 -> 0.064220183 | J6: =D6/(VLOOKUP(B6,'2024 Team'!$B$2:$G$33,2,FALSE)) -> 0.28764805 | K6: 64.1 | L6: 1
A7: Justin Jefferson | B7: MIN | C7: WR | D7: 154 | E7: 103 | F7: 1533 | G7: 14.9 | H7: 10 | I7: =H7/E7 -> 0.097087379 | J7: =D7/(VLOOKUP(B7,'2024 Team'!$B$2:$G$33,2,FALSE)) -> 0.2810219 | K7: 66.9 | L7: 1
A8: CeeDee Lamb | B8: DAL | C8: WR | D8: 152 | E8: 101 | F8: 1194 | G8: 11.8 | H8: 6 | I8: =H8/E8 -> 0.059405941 | J8: =D8/(VLOOKUP(B8,'2024 Team'!$B$2:$G$33,2,FALSE)) -> 0.23861852 | K8: 66.4 | L8: 1
A9: Garrett Wilson | B9: NYJ | C9: WR | D9: 154 | E9: 101 | F9: 1104 | G9: 10.9 | H9: 7 | I9: =H9/E9 -> 0.069306931 | J9: =D9/(VLOOKUP(B9,'2024 Team'!$B$2:$G$33,2,FALSE)) -> 0.25370675 | K9: 65.6 | L9: 2
A10: Drake London | B10: ATL | C10: WR | D10: 158 | E10: 100 | F10: 1271 | G10: 12.7 | H10: 9 | I10: =H10/E10 -> 0.09 | J10: =D10/(VLOOKUP(B10,'2024 Team'!$B$2:$G$33,2,FALSE)) -> 0.28264758 | K10: 63.3 | L10: 0
A11: Jaxon Smith-Njigba | B11: SEA | C11: WR | D11: 137 | E11: 100 | F11: 1130 | G11: 11.3 | H11: 6 | I11: =H11/E11 -> 0.06 | J11: =D11/(VLOOKUP(B11,'2024 Team'!$B$2:$G$33,2,FALSE)) -> 0.23102867 | K11: 73.0 | L11: 1
A12: D.J. Moore | B12: CHI | C12: WR | D12: 140 | E12: 98 | F12: 966 | G12: 9.9 | H12: 6 | I12: =H12/E12 -> 0.06122449 | J12: =D12/(VLOOKUP(B12,'2024 Team'!$B$2:$G$33,2,FALSE)) -> 0.24734982 | K12: 70.0 | L12: 1
A13: Travis Kelce | B13: KAN | C13: TE | D13: 133 | E13: 97 | F13: 823 | G13: 8.5 | H13: 3 | I13: =H13/E13 -> 0.030927835 | J13: =D13/(VLOOKUP(B13,'2024 Team'!$B$2:$G$33,2,FALSE)) -> 0.22166667 | K13: 72.9 | L13: 2
... A448: Velus Jones Jr. | B448: CHI | C448: WR | D448: 1 | E448: 1 | F448: 8 | G448: 8.0 | H448: 0 | I448: =H448/E448 -> 0 | J448: =D448/(VLOOKUP(B448,'2024 Team'!$B$2:$G$33,2,FALSE)) -> 0.0017667845 | K448: 100.0 | L448: 1
A449: Velus Jones Jr. | B449: CAR | C449: WR | D449: 0 | E449: 0 | F449: 0 | H449: 0 | I449: =H449/E449 -> #DIV/0! | J449: =D449/(VLOOKUP(B449,'2024 Team'!$B$2:$G$33,2,FALSE)) -> 0 | L449: 0
A450: Ramel Keyton | B450: LVR | C450: WR | D450: 3 | E450: 1 | F450: 7 | G450: 7.0 | H450: 0 | I450: =H450/E450 -> 0 | J450: =D450/(VLOOKUP(B450,'2024 Team'!$B$2:$G$33,2,FALSE)) -> 0.0047244094 | K450: 33.3 | L450: 0
A451: Jacob Kibodi | B451: CLE | C451: RB | D451: 3 | E451: 1 | F451: 15 | G451: 15.0 | H451: 0 | I451: =H451/E451 -> 0 | J451: =D451/(VLOOKUP(B451,'2024 Team'!$B$2:$G$33,2,FALSE)) -> 0.0045385779 | K451: 33.3 | L451: 0
A452: JC Latham | B452: TEN | C452: LT | D452: 1 | E452: 1 | F452: 0 | G452: 0.0 | H452: 0 | I452: =H452/E452 -> 0 | J452: =D452/(VLOOKUP(B452,'2024 Team'!$B$2:$G$33,2,FALSE)) -> 0.0018867925 | K452: 100.0 | L452: 0
A453: Marcedes Lewis | B453: CHI | C453: TE | D453: 2 | E453: 1 | F453: 2 | G453: 2.0 | H453: 0 | I453: =H453/E453 -> 0 | J453: =D453/(VLOOKUP(B453,'2024 Team'!$B$2:$G$33,2,FALSE)) -> 0.0035335689 | K453: 50.0 | L453: 0
A454: MarShawn Lloyd | B454: GNB | C454: RB | D454: 1 | E454: 1 | F454: 3 | G454: 3.0 | H454: 0 | I454: =H454/E454 -> 0 | J454: =D454/(VLOOKUP(B454,'2024 Team'!$B$2:$G$33,2,FALSE)) -> 0.0020876827 | K454: 100.0 | L454: 0
A455: Vederian Lowe | B455: NWE | C455: LT | D455: 1 | E455: 1 | F455: 4 | G455: 4.0 | H455: 1 | I455: =H455/E455 -> 1 | J455: =D455/(VLOOKUP(B455,'2024 Team'!$B$2:$G$33,2,FALSE)) -> 0.0018903592 | K455: 100.0 | L455: 0
A456: Patrick Mahomes | B456: KAN | C456: QB | D456: 1 | E456: 1 | F456: 2 | G456: 2.0 | H456: 0 | I456: =H456/E456 -> 0 | J456: =D456/(VLOOKUP(B456,'2024 Team'!$B$2:$G$33,2,FALSE)) -> 0.0016666667 | K456: 100.0 | L456: 2
A457: Tay Martin | B457: TEN | C457: WR | D457: 2 | E457: 1 | F457: 49 | G457: 49.0 | H457: 1 | I457: =H457/E457 -> 1 | J457: =D457/(VLOOKUP(B457,'2024 Team'!$B$2:$G$33,2,FALSE)) -> 0.0037735849 | K457: 50.0 | L457: 0
A458: David Martin-Robinson | B458: TEN | C458: TE | D458: 2 | E458: 1 | F458: 6 | G458: 6.0 | H458: 0 | I458: =H458/E458 -> 0 | J458: =D458/(VLOOKUP(B458,'2024 Team'!$B$2:$G$33,2,FALSE)) -> 0.0037735849 | K458: 50.0 | L458: 0
A459: Anthony Miller | B459: BAL | C459: WR | D459: 1 | E459: 1 | F459: 16 | G459: 16.0 | H459: 0 | I459: =H459/E459 -> 0 | J459: =D459/(VLOOKUP(B459,'2024 Team'!$B$2:$G$33,2,FALSE)) -> 0.0020964361 | K459: 100.0 | L459: 0
A460: Keaton Mitchell | B460: BAL | C460: RB | D460: 1 | E460: 1 | F460: 28 | G460: 28.0 | H460: 0 | I460: =H460/E460 -> 0 | J460: =D460/(VLOOKUP(B460,'2024 Team'!$B$2:$G$33,2,FALSE)) -> 0.0020964361 | K460: 100.0 | L460: 0
A461: Wanya Morris | B461: KAN | C461: LT | D461: 1 | E461: 1 | F461: 1 | G461: 1.0 | H461: 1 | I461: =H461/E461 -> 1 | J461: =D461/(VLOOKUP(B461,'2024 Team'!$B$2:$G$33,2,FALSE)) -> 0.0016666667 | K461: 100.0 | L461: 0
... A483: Shane Zylstra | B483: DET | C483: TE | D483: 1 | E483: 1 | F483: 22 | G483: 22.0 | H483: 0 | I483: =H483/E483 -> 0 | J483: =D483/(VLOOKUP(B483,'2024 Team'!$B$2:$G$33,2,FALSE)) -> 0.001814882 | K483: 100.0 | L483: 0
A484: Rasheen Ali | B484: BAL | C484: RB | D484: 2 | E484: 0 | F484: 0 | H484: 0 | I484: =H484/E484 -> #DIV/0! | J484: =D484/(VLOOKUP(B484,'2024 Team'!$B$2:$G$33,2,FALSE)) -> 0.0041928721 | K484: 0.0 | L484: 0
A485: Brandon Allen | B485: SFO | C485: QB | D485: 0 | E485: 0 | F485: 0 | H485: 0 | I485: =H485/E485 -> #DIV/0! | J485: =D485/(VLOOKUP(B485,'2024 Team'!$B$2:$G$33,2,FALSE)) -> 0 | L485: 2
A486: Josh Allen | B486: BUF | C486: QB | D486: 0 | E486: 0 | F486: 7 | H486: 1 | I486: =H486/E486 -> #DIV/0! | J486: =D486/(VLOOKUP(B486,'2024 Team'!$B$2:$G$33,2,FALSE)) -> 0 | L486: 5
A487: Tyson Bagent | B487: CHI | C487: QB | D487: 0 | E487: 0 | F487: 0 | H487: 0 | I487: =H487/E487 -> #DIV/0! | J487: =D487/(VLOOKUP(B487,'2024 Team'!$B$2:$G$33,2,FALSE)) -> 0 | L487: 0
A488: Jake Bailey | B488: MIA | C488: P | D488: 0 | E488: 0 | F488: 0 | H488: 0 | I488: =H488/E488 -> #DIV/0! | J488: =D488/(VLOOKUP(B488,'2024 Team'!$B$2:$G$33,2,FALSE)) -> 0 | L488: 1
A489: Brenden Bates | B489: CLE | C489: TE | D489: 1 | E489: 0 | F489: 0 | H489: 0 | I489: =H489/E489 -> #DIV/0! | J489: =D489/(VLOOKUP(B489,'2024 Team'!$B$2:$G$33,2,FALSE)) -> 0.0015128593 | K489: 0.0 | L489: 0
A490: Andrew Beck | B490: GNB | C490: FB | D490: 1 | E490: 0 | F490: 0 | H490: 0 | I490: =H490/E490 -> #DIV/0! | J490: =D490/(VLOOKUP(B490,'2024 Team'!$B$2:$G$33,2,FALSE)) -> 0.0020876827 | K490: 0.0 | L490: 0
A491: Andrew Beck | B491: HOU | C491: FB | D491: 1 | E491: 0 | F491: 0 | H491: 0 | I491: =H491/E491 -> #DIV/0! | J491: =D491/(VLOOKUP(B491,'2024 Team'!$B$2:$G$33,2,FALSE)) -> 0.001754386 | K491: 0.0 | L491: 0
A492: Dane Belton | B492: NYG | C492: S | D492: 0 | E492: 0 | F492: 0 | H492: 0 | I492: =H492/E492 -> #DIV/0! | J492: =D492/(VLOOKUP(B492,'2024 Team'!$B$2:$G$33,2,FALSE)) -> 0 | L492: 0
A493: Braxton Berrios | B493: MIA | C493: WR | D493: 4 | E493: 0 | F493: 0 | H493: 0 | I493: =H493/E493 -> #DIV/0! | J493: =D493/(VLOOKUP(B493,'2024 Team'!$B$2:$G$33,2,FALSE)) -> 0.0067681895 | K493: 0.0 | L493: 0
A494: Raheem Blackshear | B494: CAR | C494: RB | D494: 0 | E494: 0 | F494: 0 | H494: 0 | I494: =H494/E494 -> #DIV/0! | J494: =D494/(VLOOKUP(B494,'2024 Team'!$B$2:$G$33,2,FALSE)) -> 0 | L494: 2
A495: Tim Boyle | B495: MIA | C495: QB | D495: 0 | E495: 0 | F495: 0 | H495: 0 | I495: =H495/E495 -> #DIV/0! | J495: =D495/(VLOOKUP(B495,'2024 Team'!$B$2:$G$33,2,FALSE)) -> 0 | L495: 0
A496: Tim Boyle | B496: NYG | C496: QB | D496: 0 | E496: 0 | F496: 0 | H496: 0 | I496: =H496/E496 -> #DIV/0! | J496: =D496/(VLOOKUP(B496,'2024 Team'!$B$2:$G$33,2,FALSE)) -> 0 | L496: 0
A497: Jake Brendel | B497: SFO | C497: C | D497: 0 | E497: 0 | F497: 2 | H497: 0 | I497: =H497/E497 -> #DIV/0! | J497: =D497/(VLOOKUP(B497,'2024 Team'!$B$2:$G$33,2,FALSE)) -> 0 | L497: 1
A498: Jacoby Brissett | B498: NWE | C498: QB | D498: 0 | E498: 0 | F498: 0 | H498: 0 | I498: =H498/E498 -> #DIV/0! | J498: =D498/(VLOOKUP(B498,'2024 Team'!$B$2:$G$33,2,FALSE)) -> 0 | L498: 4
A499: British Brooks | B499: HOU | C499: RB | D499: 0 | E499: 0 | F499: 0 | H499: 0 | I499: =H499/E499 -> #DIV/0! | J499: =D499/(VLOOKUP(B499,'2024 Team'!$B$2:$G$33,2,FALSE)) -> 0 | L499: 0
A500: Jake Browning | B500: CIN | C500: QB | D500: 0 | E500: 0 | F500: 0 | H500: 0 | I500: =H500/E500 -> #DIV/0! | J500: =D500/(VLOOKUP(B500,'2024 Team'!$B$2:$G$33,2,FALSE)) -> 0 | L500: 0
A501: Joe Burrow | B501: CIN | C501: QB | D501: 0 | E501: 0 | F501: 0 | H501: 0 | I501: =H501/E501 -> #DIV/0! | J501: =D501/(VLOOKUP(B501,'2024 Team'!$B$2:$G$33,2,FALSE)) -> 0 | L501: 11
A502: Derek Carr | B502: NOR | C502: QB | D502: 0 | E502: 0 | F502: 0 | H502: 0 | I502: =H502/E502 -> #DIV/0! | J502: =D502/(VLOOKUP(B502,'2024 Team'!$B$2:$G$33,2,FALSE)) -> 0 | L502: 3
A503: Irvin Charles | B503: NYJ | C503: WR | D503: 1 | E503: 0 | F503: 0 | H503: 0 | I503: =H503/E503 -> #DIV/0! | J503: =D503/(VLOOKUP(B503,'2024 Team'!$B$2:$G$33,2,FALSE)) -> 0.0016474465 | K503: 0.0 | L503: 0
A504: Kirk Cousins | B504: ATL | C504: QB | D504: 0 | E504: 0 | F504: 0 | H504: 0 | I504: =H504/E504 -> #DIV/0! | J504: =D504/(VLOOKUP(B504,'2024 Team'!$B$2:$G$33,2,FALSE)) -> 0 | L504: 13
A505: Baylor Cupp | B505: KAN | C505: TE | D505: 1 | E505: 0 | F505: 0 | H505: 0 | I505: =H505/E505 -> #DIV/0! | J505: =D505/(VLOOKUP(B505,'2024 Team'!$B$2:$G$33,2,FALSE)) -> 0.0016666667 | K505: 0.0 | L505: 0
A506: Andy Dalton | B506: CAR | C506: QB | D506: 0 | E506: 0 | F506: 0 | H506: 0 | I506: =H506/E506 -> #DIV/0! | J506: =D506/(VLOOKUP(B506,'2024 Team'!$B$2:$G$33,2,FALSE)) -> 0 | L506: 2
A507: Jayden Daniels | B507: WAS | C507: QB | D507: 0 | E507: 0 | F507: 0 | H507: 0 | I507: =H507/E507 -> #DIV/0! | J507: =D507/(VLOOKUP(B507,'2024 Team'!$B$2:$G$33,2,FALSE)) -> 0 | L507: 5
A508: Sam Darnold | B508: MIN | C508: QB | D508: 0 | E508: 0 | F508: 0 | H508: 0 | I508: =H508/E508 -> #DIV/0! | J508: =D508/(VLOOKUP(B508,'2024 Team'!$B$2:$G$33,2,FALSE)) -> 0 | L508: 8
A509: Ashtyn Davis | B509: NYJ | C509: S | D509: 0 | E509: 0 | F509: 0 | H509: 0 | I509: =H509/E509 -> #DIV/0! | J509: =D509/(VLOOKUP(B509,'2024 Team'!$B$2:$G$33,2,FALSE)) -> 0 | L509: 0
A510: Tyrion Davis-Price | B510: PHI | C510: RB | D510: 0 | E510: 0 | F510: 0 | H510: 0 | I510: =H510/E510 -> #DIV/0! | J510: =D510/(VLOOKUP(B510,'2024 Team'!$B$2:$G$33,2,FALSE)) -> 0 | L510: 0
A511: Taylor Decker | B511: DET | C511: LT | D511: 1 | E511: 0 | F511: 0 | H511: 0 | I511: =H511/E511 -> #DIV/0! | J511: =D511/(VLOOKUP(B511,'2024 Team'!$B$2:$G$33,2,FALSE)) -> 0.001814882 | K511: 0.0 | L511: 0
A512: Tommy DeVito | B512: NYG | C512: QB | D512: 0 | E512: 0 | F512: 0 | H512: 0 | I512: =H512/E512 -> #DIV/0! | J512: =D512/(VLOOKUP(B512,'2024 Team'!$B$2:$G$33,2,FALSE)) -> 0 | L512: 0
A513: Joshua Dobbs | B513: SFO | C513: QB | D513: 0 | E513: 0 | F513: 0 | H513: 0 | I513: =H513/E513 -> #DIV/0! | J513: =D513/(VLOOKUP(B513,'2024 Team'!$B$2:$G$33,2,FALSE)) -> 0 | L513: 2
A514: Darrynton Evans | B514: CHI | C514: RB | D514: 0 | E514: 0 | F514: 0 | H514: 0 | I514: =H514/E514 -> #DIV/0! | J514: =D514/(VLOOKUP(B514,'2024 Team'!$B$2:$G$33,2,FALSE)) -> 0 | L514: 0
A515: Erik Ezukanma | B515: MIA | C515: WR | D515: 2 | E515: 0 | F515: 0 | H515: 0 | I515: =H515/E515 -> #DIV/0! | J515: =D515/(VLOOKUP(B515,'2024 Team'!$B$2:$G$33,2,FALSE)) -> 0.0033840948 | K515: 0.0 | L515: 0
A516: Justin Fields | B516: PIT | C516: QB | D516: 0 | E516: 0 | F516: 0 | H516: 0 | I516: =H516/E516 -> #DIV/0! | J516: =D516/(VLOOKUP(B516,'2024 Team'!$B$2:$G$33,2,FALSE)) -> 0 | L516: 6
A517: Joe Flacco | B517: IND | C517: QB | D517: 0 | E517: 0 | F517: 0 | H517: 0 | I517: =H517/E517 -> #DIV/0! | J517: =D517/(VLOOKUP(B517,'2024 Team'!$B$2:$G$33,2,FALSE)) -> 0 | L517: 4
A518: Sam Franklin | B518: CAR | C518: S | D518: 1 | E518: 0 | F518: 0 | H518: 0 | I518: =H518/E518 -> #DIV/0! | J518: =D518/(VLOOKUP(B518,'2024 Team'!$B$2:$G$33,2,FALSE)) -> 0.0018281536 | K518: 0.0 | L518: 0
A519: Zach Frazier | B519: PIT | C519: C | D519: 0 | E519: 0 | F519: -2 | H519: 0 | I519: =H519/E519 -> #DIV/0! | J519: =D519/(VLOOKUP(B519,'2024 Team'!$B$2:$G$33,2,FALSE)) -> 0 | L519: 1
A520: Jimmy Garoppolo | B520: LAR | C520: QB | D520: 0 | E520: 0 | F520: 0 | H520: 0 | I520: =H520/E520 -> #DIV/0! | J520: =D520/(VLOOKUP(B520,'2024 Team'!$B$2:$G$33,2,FALSE)) -> 0 | L520: 0
A521: Reggie Gilliam | B521: BUF | C521: FB | D521: 0 | E521: 0 | F521: 0 | H521: 0 | I521: =H521/E521 -> #DIV/0! | J521: =D521/(VLOOKUP(B521,'2024 Team'!$B$2:$G$33,2,FALSE)) -> 0 | L521: 0
A522: C.J. Goodwin | B522: DAL | C522: CB | D522: 1 | E522: 0 | F522: 0 | H522: 0 | I522: =H522/E522 -> #DIV/0! | J522: =D522/(VLOOKUP(B522,'2024 Team'!$B$2:$G$33,2,FALSE)) -> 0.0015698587 | K522: 0.0 | L522: 0
A523: Jake Haener | B523: NOR | C523: QB | D523: 0 | E523: 0 | F523: 0 | H523: 0 | I523: =H523/E523 -> #DIV/0! | J523: =D523/(VLOOKUP(B523,'2024 Team'!$B$2:$G$33,2,FALSE)) -> 0 | L523: 0
A524: Matthew Hayball | B524: NOR | C524: P | D524: 0 | E524: 0 | F524: 0 | H524: 0 | I524: =H524/E524 -> #DIV/0! | J524: =D524/(VLOOKUP(B524,'2024 Team'!$B$2:$G$33,2,FALSE)) -> 0 | L524: 0
A525: Taylor Heinicke | B525: LAC | C525: QB | D525: 0 | E525: 0 | F525: 0 | H525: 0 | I525: =H525/E525 -> #DIV/0! | J525: =D525/(VLOOKUP(B525,'2024 Team'!$B$2:$G$33,2,FALSE)) -> 0 | L525: 0
A526: Justin Herbert | B526: LAC | C526: QB | D526: 0 | E526: 0 | F526: 0 | H526: 0 | I526: =H526/E526 -> #DIV/0! | J526: =D526/(VLOOKUP(B526,'2024 Team'!$B$2:$G$33,2,FALSE)) -> 0 | L526: 6
A527: Jaden Hicks | B527: KAN | C527: DB | D527: 0 | E527: 0 | F527: 0 | H527: 0 | I527: =H527/E527 -> #DIV/0! | J527: =D527/(VLOOKUP(B527,'2024 Team'!$B$2:$G$33,2,FALSE)) -> 0 | L527: 0
A528: Hendon Hooker | B528: DET | C528: QB | D528: 0 | E528: 0 | F528: 0 | H528: 0 | I528: =H528/E528 -> #DIV/0! | J528: =D528/(VLOOKUP(B528,'2024 Team'!$B$2:$G$33,2,FALSE)) -> 0 | L528: 0
A529: Sam Howell | B529: SEA | C529: QB | D529: 0 | E529: 0 | F529: 0 | H529: 0 | I529: =H529/E529 -> #DIV/0! | J529: =D529/(VLOOKUP(B529,'2024 Team'!$B$2:$G$33,2,FALSE)) -> 0 | L529: 0
A530: Tyler Huntley | B530: MIA | C530: QB | D530: 0 | E530: 0 | F530: 0 | H530: 0 | I530: =H530/E530 -> #DIV/0! | J530: =D530/(VLOOKUP(B530,'2024 Team'!$B$2:$G$33,2,FALSE)) -> 0 | L530: 6
A531: Jalen Hurts | B531: PHI | C531: QB | D531: 0 | E531: 0 | F531: 0 | H531: 0 | I531: =H531/E531 -> #DIV/0! | J531: =D531/(VLOOKUP(B531,'2024 Team'!$B$2:$G$33,2,FALSE)) -> 0 | L531: 9
A532: Jermaine Jackson | B532: NOR | C532: WR | D532: 0 | E532: 0 | F532: 0 | H532: 0 | I532: =H532/E532 -> #DIV/0! | J532: =D532/(VLOOKUP(B532,'2024 Team'!$B$2:$G$33,2,FALSE)) -> 0 | L532: 0
A533: Lamar Jackson | B533: BAL | C533: QB | D533: 0 | E533: 0 | F533: 0 | H533: 0 | I533: =H533/E533 -> #DIV/0! | J533: =D533/(VLOOKUP(B533,'2024 Team'!$B$2:$G$33,2,FALSE)) -> 0 | L533: 10
A534: Terrell Jennings | B534: NWE | C534: RB | D534: 1 | E534: 0 | F534: 0 | H534: 0 | I534: =H534/E534 -> #DIV/0! | J534: =D534/(VLOOKUP(B534,'2024 Team'!$B$2:$G$33,2,FALSE)) -> 0.0018903592 | K534: 0.0 | L534: 0
A535: Josh Johnson | B535: BAL | C535: QB | D535: 0 | E535: 0 | F535: 0 | H535: 0 | I535: =H535/E535 -> #DIV/0! | J535: =D535/(VLOOKUP(B535,'2024 Team'!$B$2:$G$33,2,FALSE)) -> 0 | L535: 0
A536: Kameron Johnson | B536: TAM | C536: WR | D536: 1 | E536: 0 | F536: 0 | H536: 0 | I536: =H536/E536 -> #DIV/0! | J536: =D536/(VLOOKUP(B536,'2024 Team'!$B$2:$G$33,2,FALSE)) -> 0.0017513135 | K536: 0.0 | L536: 0
A537: Daniel Jones | B537: NYG | C537: QB | D537: 0 | E537: 0 | F537: 0 | H537: 0 | I537: =H537/E537 -> #DIV/0! | J537: =D537/(VLOOKUP(B537,'2024 Team'!$B$2:$G$33,2,FALSE)) -> 0 | L537: 4
A538: Mac Jones | B538: JAX | C538: QB | D538: 0 | E538: 0 | F538: 0 | H538: 0 | I538: =H538/E538 -> #DIV/0! | J538: =D538/(VLOOKUP(B538,'2024 Team'!$B$2:$G$33,2,FALSE)) -> 0 | L538: 2
A539: Tony Jones | B539: ARI | C539: RB | D539: 0 | E539: 0 | F539: 0 | H539: 0 | I539: =H539/E539 -> #DIV/0! | J539: =D539/(VLOOKUP(B539,'2024 Team'!$B$2:$G$33,2,FALSE)) -> 0 | L539: 0
A540: Joshua Kelley | B540: TEN | C540: RB | D540: 0 | E540: 0 | F540: 0 | H540: 0 | I540: =H540/E540 -> #DIV/0! | J540: =D540/(VLOOKUP(B540,'2024 Team'!$B$2:$G$33,2,FALSE)) -> 0 | L540: 0
A541: Tom Kennedy | B541: DET | C541: WR | D541: 1 | E541: 0 | F541: 0 | H541: 0 | I541: =H541/E541 -> #DIV/0! | J541: =D541/(VLOOKUP(B541,'2024 Team'!$B$2:$G$33,2,FALSE)) -> 0.001814882 | K541: 0.0 | L541: 0
A542: Trey Lance | B542: DAL | C542: QB | D542: 0 | E542: 0 | F542: 0 | H542: 0 | I542: =H542/E542 -> #DIV/0! | J542: =D542/(VLOOKUP(B542,'2024 Team'!$B$2:$G$33,2,FALSE)) -> 0 | L542: 0
A543: Dylan Laube | B543: LVR | C543: RB | D543: 0 | E543: 0 | F543: 0 | H543: 0 | I543: =H543/E543 -> #DIV/0! | J543: =D543/(VLOOKUP(B543,'2024 Team'!$B$2:$G$33,2,FALSE)) -> 0 | L543: 1
A544: Trevor Lawrence | B544: JAX | C544: QB | D544: 0 | E544: 0 | F544: -5 | H544: 0 | I544: =H544/E544 -> #DIV/0! | J544: =D544/(VLOOKUP(B544,'2024 Team'!$B$2:$G$33,2,FALSE)) -> 0 | L544: 3
A545: Will Levis | B545: TEN | C545: QB | D545: 0 | E545: 0 | F545: 0 | H545: 0 | I545: =H545/E545 -> #DIV/0! | J545: =D545/(VLOOKUP(B545,'2024 Team'!$B$2:$G$33,2,FALSE)) -> 0 | L545: 10
A546: Drew Lock | B546: NYG | C546: QB | D546: 0 | E546: 0 | F546: 0 | H546: 0 | I546: =H546/E546 -> #DIV/0! | J546: =D546/(VLOOKUP(B546,'2024 Team'!$B$2:$G$33,2,FALSE)) -> 0 | L546: 5
A547: Jordan Love | B547: GNB | C547: QB | D547: 0 | E547: 0 | F547: 0 | H547: 0 | I547: =H547/E547 -> #DIV/0! | J547: =D547/(VLOOKUP(B547,'2024 Team'!$B$2:$G$33,2,FALSE)) -> 0 | L547: 4
A548: Julian Love | B548: SEA | C548: FS | D548: 0 | E548: 0 | F548: 0 | H548: 0 | I548: =H548/E548 -> #DIV/0! | J548: =D548/(VLOOKUP(B548,'2024 Team'!$B$2:$G$33,2,FALSE)) -> 0 | L548: 0
A549: Marcus Mariota | B549: WAS | C549: QB | D549: 0 | E549: 0 | F549: 0 | H549: 0 | I549: =H549/E549 -> #DIV/0! | J549: =D549/(VLOOKUP(B549,'2024 Team'!$B$2:$G$33,2,FALSE)) -> 0 | L549: 0
A550: Jordan Matthews | B550: CAR | C550: TE | D550: 1 | E550: 0 | F550: 0 | H550: 0 | I550: =H550/E550 -> #DIV/0! | J550: =D550/(VLOOKUP(B550,'2024 Team'!$B$2:$G$33,2,FALSE)) -> 0.0018281536 | K550: 0.0 | L550: 0
A551: Drake Maye | B551: NWE | C551: QB | D551: 0 | E551: 0 | F551: 0 | H551: 0 | I551: =H551/E551 -> #DIV/0! | J551: =D551/(VLOOKUP(B551,'2024 Team'!$B$2:$G$33,2,FALSE)) -> 0 | L551: 9
A552: Baker Mayfield | B552: TAM | C552: QB | D552: 0 | E552: 0 | F552: 0 | H552: 0 | I552: =H552/E552 -> #DIV/0! | J552: =D552/(VLOOKUP(B552,'2024 Team'!$B$2:$G$33,2,FALSE)) -> 0 | L552: 13
A553: Tyreik McAllister | B553: LVR | C553: WR | D553: 0 | E553: 0 | F553: 0 | H553: 0 | I553: =H553/E553 -> #DIV/0! | J553: =D553/(VLOOKUP(B553,'2024 Team'!$B$2:$G$33,2,FALSE)) -> 0 | L553: 0
A554: Jase McClellan | B554: ATL | C554: RB | D554: 0 | E554: 0 | F554: 0 | H554: 0 | I554: =H554/E554 -> #DIV/0! | J554: =D554/(VLOOKUP(B554,'2024 Team'!$B$2:$G$33,2,FALSE)) -> 0 | L554: 0
A555: Tanner McKee | B555: PHI | C555: QB | D555: 0 | E555: 0 | F555: 0 | H555: 0 | I555: =H555/E555 -> #DIV/0! | J555: =D555/(VLOOKUP(B555,'2024 Team'!$B$2:$G$33,2,FALSE)) -> 0 | L555: 0
...

Sheet 2023 Receiving
A1: Player | B1: Team | C1: Pos | D1: Tgt | E1: Rec | F1: Yds | G1: Y/R | H1: TD | I1: TD % | J1: Target Share | K1: Ctch% | L1: Fmb
A2: CeeDee Lamb | B2: DAL | C2: WR | D2: 181 | E2: 135 | F2: 1749 | G2: 13.0 | H2: 12 | I2: =H2/E2 -> 0.088888889 | J2: =D2/(VLOOKUP(B2,'2023 Team'!$B$2:$G$33,2,FALSE)) -> 0.29478827 | K2: 74.6 | L2: 3
A3: Tyreek Hill | B3: MIA | C3: WR | D3: 171 | E3: 119 | F3: 1799 | G3: 15.1 | H3: 13 | I3: =H3/E3 -> 0.1092437 | J3: =D3/(VLOOKUP(B3,'2023 Team'!$B$2:$G$33,2,FALSE)) -> 0.30212014 | K3: 69.6 | L3: 1
A4: Amon-Ra St. Brown | B4: DET | C4: WR | D4: 164 | E4: 119 | F4: 1515 | G4: 12.7 | H4: 10 | I4: =H4/E4 -> 0.084033613 | J4: =D4/(VLOOKUP(B4,'2023 Team'!$B$2:$G$33,2,FALSE)) -> 0.27062706 | K4: 72.6 | L4: 1
A5: Evan Engram | B5: JAX | C5: TE | D5: 143 | E5: 114 | F5: 963 | G5: 8.4 | H5: 4 | I5: =H5/E5 -> 0.035087719 | J5: =D5/(VLOOKUP(B5,'2023 Team'!$B$2:$G$33,2,FALSE)) -> 0.23064516 | K5: 79.7 | L5: 3
A6: Michael Pittman Jr. | B6: IND | C6: WR | D6: 156 | E6: 109 | F6: 1152 | G6: 10.6 | H6: 4 | I6: =H6/E6 -> 0.036697248 | J6: =D6/(VLOOKUP(B6,'2023 Team'!$B$2:$G$33,2,FALSE)) -> 0.271777 | K6: 69.9 | L6: 2
A7: Keenan Allen | B7: LAC | C7: WR | D7: 150 | E7: 108 | F7: 1243 | G7: 11.5 | H7: 7 | I7: =H7/E7 -> 0.064814815 | J7: =D7/(VLOOKUP(B7,'2023 Team'!$B$2:$G$33,2,FALSE)) -> 0.23734177 | K7: 72.0 | L7: 2
A8: Stefon Diggs | B8: BUF | C8: WR | D8: 160 | E8: 107 | F8: 1183 | G8: 11.1 | H8: 8 | I8: =H8/E8 -> 0.074766355 | J8: =D8/(VLOOKUP(B8,'2023 Team'!$B$2:$G$33,2,FALSE)) -> 0.27633851 | K8: 66.9 | L8: 2
A9: A.J. Brown | B9: PHI | C9: WR | D9: 158 | E9: 106 | F9: 1456 | G9: 13.7 | H9: 7 | I9: =H9/E9 -> 0.066037736 | J9: =D9/(VLOOKUP(B9,'2023 Team'!$B$2:$G$33,2,FALSE)) -> 0.28063943 | K9: 67.1 | L9: 2
A10: Puka Nacua | B10: LAR | C10: WR | D10: 160 | E10: 105 | F10: 1486 | G10: 14.2 | H10: 6 | I10: =H10/E10 -> 0.057142857 | J10: =D10/(VLOOKUP(B10,'2023 Team'!$B$2:$G$33,2,FALSE)) -> 0.27444254 | K10: 65.6 | L10: 1
A11: Davante Adams | B11: LVR | C11: WR | D11: 175 | E11: 103 | F11: 1144 | G11: 11.1 | H11: 8 | I11: =H11/E11 -> 0.077669903 | J11: =D11/(VLOOKUP(B11,'2023 Team'!$B$2:$G$33,2,FALSE)) -> 0.31418312 | K11: 58.9 | L11: 0
A12: Adam Thielen | B12: CAR | C12: WR | D12: 137 | E12: 103 | F12: 1014 | G12: 9.8 | H12: 4 | I12: =H12/E12 -> 0.038834951 | J12: =D12/(VLOOKUP(B12,'2023 Team'!$B$2:$G$33,2,FALSE)) -> 0.2337884 | K12: 75.2 | L12: 2
A13: Ja'Marr Chase | B13: CIN | C13: WR | D13: 145 | E13: 100 | F13: 1216 | G13: 12.2 | H13: 7 | I13: =H13/E13 -> 0.07 | J13: =D13/(VLOOKUP(B13,'2023 Team'!$B$2:$G$33,2,FALSE)) -> 0.23577236 | K13: 69.0 | L13: 1
... A278: KaVontae Turpin | B278: DAL | C278: WR | D278: 18 | E278: 12 | F278: 127 | G278: 10.6 | H278: 3 | I278: =H278/E278 -> 0.25 | J278: =D278/(VLOOKUP(B278,'2023 Team'!$B$2:$G$33,2,FALSE)) -> 0.029315961 | K278: 66.7 | L278: 1
A279: Cam Akers | B279: LAR | C279: RB | D279: 0 | E279: 0 | F279: 0 | H279: 0 | I279: =H279/E279 -> #DIV/0! | J279: =D279/(VLOOKUP(B279,'2023 Team'!$B$2:$G$33,2,FALSE)) -> 0 | L279: 0
A280: Cam Akers | B280: MIN | C280: RB | D280: 12 | E280: 11 | F280: 70 | G280: 6.4 | H280: 0 | I280: =H280/E280 -> 0 | J280: =D280/(VLOOKUP(B280,'2023 Team'!$B$2:$G$33,2,FALSE)) -> 0.019017433 | K280: 91.7 | L280: 0
A281: Andrew Beck | B281: HOU | C281: FB | D281: 13 | E281: 11 | F281: 55 | G281: 5.0 | H281: 2 | I281: =H281/E281 -> 0.18181818 | J281: =D281/(VLOOKUP(B281,'2023 Team'!$B$2:$G$33,2,FALSE)) -> 0.021959459 | K281: 84.6 | L281: 1
A282: Lynn Bowden Jr. | B282: NOR | C282: WR | D282: 16 | E282: 11 | F282: 83 | G282: 7.5 | H282: 0 | I282: =H282/E282 -> 0 | J282: =D282/(VLOOKUP(B282,'2023 Team'!$B$2:$G$33,2,FALSE)) -> 0.02640264 | K282: 68.8 | L282: 1
A283: D'Onta Foreman | B283: CHI | C283: RB | D283: 16 | E283: 11 | F283: 77 | G283: 7.0 | H283: 1 | I283: =H283/E283 -> 0.090909091 | J283: =D283/(VLOOKUP(B283,'2023 Team'!$B$2:$G$33,2,FALSE)) -> 0.031189084 | K283: 68.8 | L283: 1
A284: Julio Jones | B284: PHI | C284: WR | D284: 19 | E284: 11 | F284: 74 | G284: 6.7 | H284: 3 | I284: =H284/E284 -> 0.27272727 | J284: =D284/(VLOOKUP(B284,'2023 Team'!$B$2:$G$33,2,FALSE)) -> 0.03374778 | K284: 57.9 | L284: 0
A285: Tim Jones | B285: JAX | C285: WR | D285: 18 | E285: 11 | F285: 83 | G285: 7.5 | H285: 0 | I285: =H285/E285 -> 0 | J285: =D285/(VLOOKUP(B285,'2023 Team'!$B$2:$G$33,2,FALSE)) -> 0.029032258 | K285: 61.1 | L285: 0
A286: Isaiah McKenzie | B286: IND | C286: WR | D286: 14 | E286: 11 | F286: 82 | G286: 7.5 | H286: 0 | I286: =H286/E286 -> 0 | J286: =D286/(VLOOKUP(B286,'2023 Team'!$B$2:$G$33,2,FALSE)) -> 0.024390244 | K286: 78.6 | L286: 3
A287: Scott Miller | B287: ATL | C287: WR | D287: 16 | E287: 11 | F287: 161 | G287: 14.6 | H287: 2 | I287: =H287/E287 -> 0.18181818 | J287: =D287/(VLOOKUP(B287,'2023 Team'!$B$2:$G$33,2,FALSE)) -> 0.030188679 | K287: 68.8 | L287: 0
A288: Trent Sherfield | B288: BUF | C288: WR | D288: 22 | E288: 11 | F288: 86 | G288: 7.8 | H288: 1 | I288: =H288/E288 -> 0.090909091 | J288: =D288/(VLOOKUP(B288,'2023 Team'!$B$2:$G$33,2,FALSE)) -> 0.037996546 | K288: 50.0 | L288: 0
A289: Stone Smartt | B289: LAC | C289: TE | D289: 21 | E289: 11 | F289: 155 | G289: 14.1 | H289: 1 | I289: =H289/E289 -> 0.090909091 | J289: =D289/(VLOOKUP(B289,'2023 Team'!$B$2:$G$33,2,FALSE)) -> 0.033227848 | K289: 52.4 | L289: 0
A290: Patrick Taylor | B290: GNB | C290: RB | D290: 17 | E290: 11 | F290: 49 | G290: 4.5 | H290: 0 | I290: =H290/E290 -> 0 | J290: =D290/(VLOOKUP(B290,'2023 Team'!$B$2:$G$33,2,FALSE)) -> 0.029259897 | K290: 64.7 | L290: 0
A291: Robert Tonyan | B291: CHI | C291: TE | D291: 17 | E291: 11 | F291: 112 | G291: 10.2 | H291: 0 | I291: =H291/E291 -> 0 | J291: =D291/(VLOOKUP(B291,'2023 Team'!$B$2:$G$33,2,FALSE)) -> 0.033138402 | K291: 64.7 | L291: 0
... A323: Darrynton Evans | B323: CHI | C323: RB | D323: 12 | E323: 7 | F323: 49 | G323: 7.0 | H323: 0 | I323: =H323/E323 -> 0 | J323: =D323/(VLOOKUP(B323,'2023 Team'!$B$2:$G$33,2,FALSE)) -> 0.023391813 | K323: 58.3 | L323: 0
A324: Darrynton Evans | B324: MIA | C324: RB | D324: 0 | E324: 0 | F324: 0 | H324: 0 | I324: =H324/E324 -> #DIV/0! | J324: =D324/(VLOOKUP(B324,'2023 Team'!$B$2:$G$33,2,FALSE)) -> 0 | L324: 0
A325: C.J. Ham | B325: MIN | C325: FB | D325: 9 | E325: 7 | F325: 25 | G325: 3.6 | H325: 0 | I325: =H325/E325 -> 0 | J325: =D325/(VLOOKUP(B325,'2023 Team'!$B$2:$G$33,2,FALSE)) -> 0.014263074 | K325: 77.8 | L325: 0
A326: Ty Johnson | B326: BUF | C326: RB | D326: 7 | E326: 7 | F326: 62 | G326: 8.9 | H326: 1 | I326: =H326/E326 -> 0.14285714 | J326: =D326/(VLOOKUP(B326,'2023 Team'!$B$2:$G$33,2,FALSE)) -> 0.01208981 | K326: 100.0 | L326: 1
A327: Charlie Jones | B327: CIN | C327: WR | D327: 9 | E327: 7 | F327: 64 | G327: 9.1 | H327: 0 | I327: =H327/E327 -> 0 | J327: =D327/(VLOOKUP(B327,'2023 Team'!$B$2:$G$33,2,FALSE)) -> 0.014634146 | K327: 77.8 | L327: 0
A328: Charlie Kolar | B328: BAL | C328: TE | D328: 9 | E328: 7 | F328: 87 | G328: 12.4 | H328: 1 | I328: =H328/E328 -> 0.14285714 | J328: =D328/(VLOOKUP(B328,'2023 Team'!$B$2:$G$33,2,FALSE)) -> 0.018218623 | K328: 77.8 | L328: 0
A329: Jalen Reagor | B329: NWE | C329: WR | D329: 23 | E329: 7 | F329: 138 | G329: 19.7 | H329: 0 | I329: =H329/E329 -> 0 | J329: =D329/(VLOOKUP(B329,'2023 Team'!$B$2:$G$33,2,FALSE)) -> 0.041292639 | K329: 30.4 | L329: 0
A330: Deuce Vaughn | B330: DAL | C330: RB | D330: 7 | E330: 7 | F330: 40 | G330: 5.7 | H330: 0 | I330: =H330/E330 -> 0 | J330: =D330/(VLOOKUP(B330,'2023 Team'!$B$2:$G$33,2,FALSE)) -> 0.011400651 | K330: 100.0 | L330: 0
A331: Darnell Washington | B331: PIT | C331: TE | D331: 10 | E331: 7 | F331: 61 | G331: 8.7 | H331: 0 | I331: =H331/E331 -> 0 | J331: =D331/(VLOOKUP(B331,'2023 Team'!$B$2:$G$33,2,FALSE)) -> 0.019762846 | K331: 70.0 | L331: 0
A332: Trayveon Williams | B332: CIN | C332: RB | D332: 9 | E332: 7 | F332: 10 | G332: 1.4 | H332: 0 | I332: =H332/E332 -> 0 | J332: =D332/(VLOOKUP(B332,'2023 Team'!$B$2:$G$33,2,FALSE)) -> 0.014634146 | K332: 77.8 | L332: 0
A333: Tony Jones | B333: NOR | C333: RB | D333: 6 | E333: 4 | F333: 21 | G333: 5.3 | H333: 0 | I333: =H333/E333 -> 0 | J333: =D333/(VLOOKUP(B333,'2023 Team'!$B$2:$G$33,2,FALSE)) -> 0.0099009901 | K333: 66.7 | L333: 0
A334: Tony Jones | B334: ARI | C334: RB | D334: 4 | E334: 3 | F334: 16 | G334: 5.3 | H334: 0 | I334: =H334/E334 -> 0 | J334: =D334/(VLOOKUP(B334,'2023 Team'!$B$2:$G$33,2,FALSE)) -> 0.0072072072 | K334: 75.0 | L334: 0
A335: Ronnie Bell | B335: SFO | C335: WR | D335: 13 | E335: 6 | F335: 68 | G335: 11.3 | H335: 3 | I335: =H335/E335 -> 0.5 | J335: =D335/(VLOOKUP(B335,'2023 Team'!$B$2:$G$33,2,FALSE)) -> 0.026476578 | K335: 46.2 | L335: 1
A336: Raheem Blackshear | B336: CAR | C336: RB | D336: 7 | E336: 6 | F336: 45 | G336: 7.5 | H336: 0 | I336: =H336/E336 -> 0 | J336: =D336/(VLOOKUP(B336,'2023 Team'!$B$2:$G$33,2,FALSE)) -> 0.011945392 | K336: 85.7 | L336: 0
... A353: Deon Jackson | B353: IND | C353: RB | D353: 6 | E353: 5 | F353: 14 | G353: 2.8 | H353: 0 | I353: =H353/E353 -> 0 | J353: =D353/(VLOOKUP(B353,'2023 Team'!$B$2:$G$33,2,FALSE)) -> 0.010452962 | K353: 83.3 | L353: 2
A354: Deon Jackson | B354: NYG | C354: RB | D354: 0 | E354: 0 | F354: 0 | H354: 0 | I354: =H354/E354 -> #DIV/0! | J354: =D354/(VLOOKUP(B354,'2023 Team'!$B$2:$G$33,2,FALSE)) -> 0 | L354: 0
A355: Marvin Jones | B355: DET | C355: WR | D355: 10 | E355: 5 | F355: 35 | G355: 7.0 | H355: 0 | I355: =H355/E355 -> 0 | J355: =D355/(VLOOKUP(B355,'2023 Team'!$B$2:$G$33,2,FALSE)) -> 0.01650165 | K355: 50.0 | L355: 1
A356: Keith Kirkwood | B356: NOR | C356: WR | D356: 9 | E356: 5 | F356: 37 | G356: 7.4 | H356: 1 | I356: =H356/E356 -> 0.2 | J356: =D356/(VLOOKUP(B356,'2023 Team'!$B$2:$G$33,2,FALSE)) -> 0.014851485 | K356: 55.6 | L356: 0
A357: Ty Montgomery | B357: NWE | C357: RB | D357: 12 | E357: 5 | F357: 40 | G357: 8.0 | H357: 0 | I357: =H357/E357 -> 0 | J357: =D357/(VLOOKUP(B357,'2023 Team'!$B$2:$G$33,2,FALSE)) -> 0.021543986 | K357: 41.7 | L357: 0
A358: David Moore | B358: TAM | C358: WR | D358: 7 | E358: 5 | F358: 94 | G358: 18.8 | H358: 1 | I358: =H358/E358 -> 0.2 | J358: =D358/(VLOOKUP(B358,'2023 Team'!$B$2:$G$33,2,FALSE)) -> 0.012323944 | K358: 71.4 | L358: 0
A359: Craig Reynolds | B359: DET | C359: RB | D359: 5 | E359: 5 | F359: 47 | G359: 9.4 | H359: 0 | I359: =H359/E359 -> 0 | J359: =D359/(VLOOKUP(B359,'2023 Team'!$B$2:$G$33,2,FALSE)) -> 0.0082508251 | K359: 100.0 | L359: 2
A360: Patrick Ricard | B360: BAL | C360: FB | D360: 7 | E360: 5 | F360: 52 | G360: 10.4 | H360: 1 | I360: =H360/E360 -> 0.2 | J360: =D360/(VLOOKUP(B360,'2023 Team'!$B$2:$G$33,2,FALSE)) -> 0.01417004 | K360: 71.4 | L360: 0
A361: Ronnie Rivers | B361: LAR | C361: RB | D361: 5 | E361: 5 | F361: 22 | G361: 4.4 | H361: 0 | I361: =H361/E361 -> 0 | J361: =D361/(VLOOKUP(B361,'2023 Team'!$B$2:$G$33,2,FALSE)) -> 0.0085763293 | K361: 100.0 | L361: 0
A362: Equanimeous St. Brown | B362: CHI | C362: WR | D362: 6 | E362: 5 | F362: 62 | G362: 12.4 | H362: 0 | I362: =H362/E362 -> 0 | J362: =D362/(VLOOKUP(B362,'2023 Team'!$B$2:$G$33,2,FALSE)) -> 0.011695906 | K362: 83.3 | L362: 0
A363: Jack Stoll | B363: PHI | C363: TE | D363: 8 | E363: 5 | F363: 38 | G363: 7.6 | H363: 0 | I363: =H363/E363 -> 0 | J363: =D363/(VLOOKUP(B363,'2023 Team'!$B$2:$G$33,2,FALSE)) -> 0.014209591 | K363: 62.5 | L363: 0
A364: Brenton Strange | B364: JAX | C364: TE | D364: 9 | E364: 5 | F364: 35 | G364: 7.0 | H364: 1 | I364: =H364/E364 -> 0.2 | J364: =D364/(VLOOKUP(B364,'2023 Team'!$B$2:$G$33,2,FALSE)) -> 0.014516129 | K364: 55.6 | L364: 0
A365: Pierre Strong | B365: CLE | C365: RB | D365: 8 | E365: 5 | F365: 47 | G365: 9.4 | H365: 0 | I365: =H365/E365 -> 0 | J365: =D365/(VLOOKUP(B365,'2023 Team'!$B$2:$G$33,2,FALSE)) -> 0.012820513 | K365: 62.5 | L365: 1
A366: Ian Thomas | B366: CAR | C366: TE | D366: 9 | E366: 5 | F366: 56 | G366: 11.2 | H366: 0 | I366: =H366/E366 -> 0 | J366: =D366/(VLOOKUP(B366,'2023 Team'!$B$2:$G$33,2,FALSE)) -> 0.015358362 | K366: 55.6 | L366: 0
... A410: Kenyan Drake | B410: BAL | C410: RB | D410: 3 | E410: 2 | F410: 31 | G410: 15.5 | H410: 0 | I410: =H410/E410 -> 0 | J410: =D410/(VLOOKUP(B410,'2023 Team'!$B$2:$G$33,2,FALSE)) -> 0.0060728745 | K410: 66.7 | L410: 1
A411: Kenyan Drake | B411: GNB | C411: RB | D411: 0 | E411: 0 | F411: 0 | H411: 0 | I411: =H411/E411 -> #DIV/0! | J411: =D411/(VLOOKUP(B411,'2023 Team'!$B$2:$G$33,2,FALSE)) -> 0 | L411: 0
A412: Damien Harris | B412: BUF | C412: RB | D412: 2 | E412: 2 | F412: 16 | G412: 8.0 | H412: 0 | I412: =H412/E412 -> 0 | J412: =D412/(VLOOKUP(B412,'2023 Team'!$B$2:$G$33,2,FALSE)) -> 0.0034542314 | K412: 100.0 | L412: 0
A413: Trishton Jackson | B413: MIN | C413: WR | D413: 4 | E413: 2 | F413: 9 | G413: 4.5 | H413: 0 | I413: =H413/E413 -> 0 | J413: =D413/(VLOOKUP(B413,'2023 Team'!$B$2:$G$33,2,FALSE)) -> 0.0063391442 | K413: 50.0 | L413: 0
A414: Tyler Johnson | B414: LAR | C414: WR | D414: 3 | E414: 2 | F414: 8 | G414: 4.0 | H414: 1 | I414: =H414/E414 -> 0.5 | J414: =D414/(VLOOKUP(B414,'2023 Team'!$B$2:$G$33,2,FALSE)) -> 0.0051457976 | K414: 66.7 | L414: 0
A415: Chris Manhertz | B415: DEN | C415: TE | D415: 4 | E415: 2 | F415: 16 | G415: 8.0 | H415: 0 | I415: =H415/E415 -> 0 | J415: =D415/(VLOOKUP(B415,'2023 Team'!$B$2:$G$33,2,FALSE)) -> 0.007797271 | K415: 50.0 | L415: 0
A416: Anthony McFarland Jr. | B416: PIT | C416: RB | D416: 2 | E416: 2 | F416: 11 | G416: 5.5 | H416: 0 | I416: =H416/E416 -> 0 | J416: =D416/(VLOOKUP(B416,'2023 Team'!$B$2:$G$33,2,FALSE)) -> 0.0039525692 | K416: 100.0 | L416: 0
A417: James Mitchell | B417: DET | C417: TE | D417: 2 | E417: 2 | F417: 28 | G417: 14.0 | H417: 0 | I417: =H417/E417 -> 0 | J417: =D417/(VLOOKUP(B417,'2023 Team'!$B$2:$G$33,2,FALSE)) -> 0.00330033 | K417: 100.0 | L417: 0
A418: Quintin Morris | B418: BUF | C418: TE | D418: 3 | E418: 2 | F418: 26 | G418: 13.0 | H418: 1 | I418: =H418/E418 -> 0.5 | J418: =D418/(VLOOKUP(B418,'2023 Team'!$B$2:$G$33,2,FALSE)) -> 0.0051813472 | K418: 66.7 | L418: 0
A419: Dare Ogunbowale | B419: HOU | C419: RB | D419: 7 | E419: 2 | F419: 18 | G419: 9.0 | H419: 0 | I419: =H419/E419 -> 0 | J419: =D419/(VLOOKUP(B419,'2023 Team'!$B$2:$G$33,2,FALSE)) -> 0.011824324 | K419: 28.6 | L419: 0
A420: Adam Prentice | B420: NOR | C420: FB | D420: 3 | E420: 2 | F420: 12 | G420: 6.0 | H420: 0 | I420: =H420/E420 -> 0 | J420: =D420/(VLOOKUP(B420,'2023 Team'!$B$2:$G$33,2,FALSE)) -> 0.004950495 | K420: 66.7 | L420: 1
A421: Teagan Quitoriano | B421: HOU | C421: TE | D421: 3 | E421: 2 | F421: 33 | G421: 16.5 | H421: 0 | I421: =H421/E421 -> 0 | J421: =D421/(VLOOKUP(B421,'2023 Team'!$B$2:$G$33,2,FALSE)) -> 0.0050675676 | K421: 66.7 | L421: 0
A422: Chris Rodriguez | B422: WAS | C422: RB | D422: 2 | E422: 2 | F422: 12 | G422: 6.0 | H422: 0 | I422: =H422/E422 -> 0 | J422: =D422/(VLOOKUP(B422,'2023 Team'!$B$2:$G$33,2,FALSE)) -> 0.0031446541 | K422: 100.0 | L422: 1
A423: Willie Snead | B423: SFO | C423: WR | D423: 3 | E423: 2 | F423: 14 | G423: 7.0 | H423: 0 | I423: =H423/E423 -> 0 | J423: =D423/(VLOOKUP(B423,'2023 Team'!$B$2:$G$33,2,FALSE)) -> 0.0061099796 | K423: 66.7 | L423: 0
... A475: Trevon Wesco | B475: TEN | C475: TE | D475: 3 | E475: 1 | F475: 21 | G475: 21.0 | H475: 0 | I475: =H475/E475 -> 0 | J475: =D475/(VLOOKUP(B475,'2023 Team'!$B$2:$G$33,2,FALSE)) -> 0.0060728745 | K475: 33.3 | L475: 0
A476: Josh Allen | B476: BUF | C476: QB | D476: 0 | E476: 0 | F476: 0 | H476: 0 | I476: =H476/E476 -> #DIV/0! | J476: =D476/(VLOOKUP(B476,'2023 Team'!$B$2:$G$33,2,FALSE)) -> 0 | L476: 7
A477: Kyle Allen | B477: BUF | C477: QB | D477: 0 | E477: 0 | F477: 0 | H477: 0 | I477: =H477/E477 -> #DIV/0! | J477: =D477/(VLOOKUP(B477,'2023 Team'!$B$2:$G$33,2,FALSE)) -> 0 | L477: 0
A478: Tyson Bagent | B478: CHI | C478: QB | D478: 0 | E478: 0 | F478: 0 | H478: 0 | I478: =H478/E478 -> #DIV/0! | J478: =D478/(VLOOKUP(B478,'2023 Team'!$B$2:$G$33,2,FALSE)) -> 0 | L478: 3
A479: Matt Barkley | B479: JAX | C479: QB | D479: 0 | E479: 0 | F479: 0 | H479: 0 | I479: =H479/E479 -> #DIV/0! | J479: =D479/(VLOOKUP(B479,'2023 Team'!$B$2:$G$33,2,FALSE)) -> 0 | L479: 0
A480: C.J. Beathard | B480: JAX | C480: QB | D480: 0 | E480: 0 | F480: 0 | H480: 0 | I480: =H480/E480 -> #DIV/0! | J480: =D480/(VLOOKUP(B480,'2023 Team'!$B$2:$G$33,2,FALSE)) -> 0 | L480: 1
A481: Brandon Bolden | B481: LVR | C481: RB | D481: 0 | E481: 0 | F481: 0 | H481: 0 | I481: =H481/E481 -> #DIV/0! | J481: =D481/(VLOOKUP(B481,'2023 Team'!$B$2:$G$33,2,FALSE)) -> 0 | L481: 0
A482: Tim Boyle | B482: NYJ | C482: QB | D482: 0 | E482: 0 | F482: 0 | H482: 0 | I482: =H482/E482 -> #DIV/0! | J482: =D482/(VLOOKUP(B482,'2023 Team'!$B$2:$G$33,2,FALSE)) -> 0 | L482: 2
A483: Teddy Bridgewater | B483: DET | C483: QB | D483: 0 | E483: 0 | F483: 0 | H483: 0 | I483: =H483/E483 -> #DIV/0! | J483: =D483/(VLOOKUP(B483,'2023 Team'!$B$2:$G$33,2,FALSE)) -> 0 | L483: 0
A484: Jacoby Brissett | B484: WAS | C484: QB | D484: 0 | E484: 0 | F484: 0 | H484: 0 | I484: =H484/E484 -> #DIV/0! | J484: =D484/(VLOOKUP(B484,'2023 Team'!$B$2:$G$33,2,FALSE)) -> 0 | L484: 0
A485: Chris Brooks | B485: MIA | C485: RB | D485: 0 | E485: 0 | F485: 0 | H485: 0 | I485: =H485/E485 -> #DIV/0! | J485: =D485/(VLOOKUP(B485,'2023 Team'!$B$2:$G$33,2,FALSE)) -> 0 | L485: 0
A486: Joe Burrow | B486: CIN | C486: QB | D486: 0 | E486: 0 | F486: 0 | H486: 0 | I486: =H486/E486 -> #DIV/0! | J486: =D486/(VLOOKUP(B486,'2023 Team'!$B$2:$G$33,2,FALSE)) -> 0 | L486: 2
A487: Damiere Byrd | B487: ATL | C487: WR | D487: 2 | E487: 0 | F487: 0 | H487: 0 | I487: =H487/E487 -> #DIV/0! | J487: =D487/(VLOOKUP(B487,'2023 Team'!$B$2:$G$33,2,FALSE)) -> 0.0037735849 | K487: 0.0 | L487: 0
A488: Jason Cabinda | B488: DET | C488: FB | D488: 0 | E488: 0 | F488: 0 | H488: 0 | I488: =H488/E488 -> #DIV/0! | J488: =D488/(VLOOKUP(B488,'2023 Team'!$B$2:$G$33,2,FALSE)) -> 0 | L488: 0
A489: Derek Carr | B489: NOR | C489: QB | D489: 0 | E489: 0 | F489: 0 | H489: 0 | I489: =H489/E489 -> #DIV/0! | J489: =D489/(VLOOKUP(B489,'2023 Team'!$B$2:$G$33,2,FALSE)) -> 0 | L489: 7
A490: Irvin Charles | B490: NYJ | C490: WR | D490: 1 | E490: 0 | F490: 0 | H490: 0 | I490: =H490/E490 -> #DIV/0! | J490: =D490/(VLOOKUP(B490,'2023 Team'!$B$2:$G$33,2,FALSE)) -> 0.0016638935 | K490: 0.0 | L490: 0
A491: Sean Clifford | B491: GNB | C491: QB | D491: 0 | E491: 0 | F491: 0 | H491: 0 | I491: =H491/E491 -> #DIV/0! | J491: =D491/(VLOOKUP(B491,'2023 Team'!$B$2:$G$33,2,FALSE)) -> 0 | L491: 1
A492: Kirk Cousins | B492: MIN | C492: QB | D492: 0 | E492: 0 | F492: 0 | H492: 0 | I492: =H492/E492 -> #DIV/0! | J492: =D492/(VLOOKUP(B492,'2023 Team'!$B$2:$G$33,2,FALSE)) -> 0 | L492: 7
A493: Andy Dalton | B493: CAR | C493: QB | D493: 0 | E493: 0 | F493: 0 | H493: 0 | I493: =H493/E493 -> #DIV/0! | J493: =D493/(VLOOKUP(B493,'2023 Team'!$B$2:$G$33,2,FALSE)) -> 0 | L493: 0
A494: Sam Darnold | B494: SFO | C494: QB | D494: 0 | E494: 0 | F494: 0 | H494: 0 | I494: =H494/E494 -> #DIV/0! | J494: =D494/(VLOOKUP(B494,'2023 Team'!$B$2:$G$33,2,FALSE)) -> 0 | L494: 3
A495: Ashtyn Davis | B495: NYJ | C495: S | D495: 0 | E495: 0 | F495: 0 | H495: 0 | I495: =H495/E495 -> #DIV/0! | J495: =D495/(VLOOKUP(B495,'2023 Team'!$B$2:$G$33,2,FALSE)) -> 0 | L495: 1
A496: Tyrion Davis-Price | B496: SFO | C496: RB | D496: 0 | E496: 0 | F496: 0 | H496: 0 | I496: =H496/E496 -> #DIV/0! | J496: =D496/(VLOOKUP(B496,'2023 Team'!$B$2:$G$33,2,FALSE)) -> 0 | L496: 0
A497: Tommy DeVito | B497: NYG | C497: QB | D497: 0 | E497: 0 | F497: 0 | H497: 0 | I497: =H497/E497 -> #DIV/0! | J497: =D497/(VLOOKUP(B497,'2023 Team'!$B$2:$G$33,2,FALSE)) -> 0 | L497: 2
A498: Joshua Dobbs | B498: ARI | C498: QB | D498: 0 | E498: 0 | F498: 0 | H498: 0 | I498: =H498/E498 -> #DIV/0! | J498: =D498/(VLOOKUP(B498,'2023 Team'!$B$2:$G$33,2,FALSE)) -> 0 | L498: 8
A499: Joshua Dobbs | B499: MIN | C499: QB | D499: 0 | E499: 0 | F499: 0 | H499: 0 | I499: =H499/E499 -> #DIV/0! | J499: =D499/(VLOOKUP(B499,'2023 Team'!$B$2:$G$33,2,FALSE)) -> 0 | L499: 6
A500: Phillip Dorsett | B500: DEN | C500: WR | D500: 3 | E500: 0 | F500: 0 | H500: 0 | I500: =H500/E500 -> #DIV/0! | J500: =D500/(VLOOKUP(B500,'2023 Team'!$B$2:$G$33,2,FALSE)) -> 0.0058479532 | K500: 0.0 | L500: 0
A501: Jeff Driskel | B501: CLE | C501: QB | D501: 0 | E501: 0 | F501: 0 | H501: 0 | I501: =H501/E501 -> #DIV/0! | J501: =D501/(VLOOKUP(B501,'2023 Team'!$B$2:$G$33,2,FALSE)) -> 0 | L501: 0
A502: D'Wayne Eskridge | B502: SEA | C502: WR | D502: 1 | E502: 0 | F502: 0 | H502: 0 | I502: =H502/E502 -> #DIV/0! | J502: =D502/(VLOOKUP(B502,'2023 Team'!$B$2:$G$33,2,FALSE)) -> 0.0017391304 | K502: 0.0 | L502: 0
A503: Zach Evans | B503: LAR | C503: RB | D503: 0 | E503: 0 | F503: 0 | H503: 0 | I503: =H503/E503 -> #DIV/0! | J503: =D503/(VLOOKUP(B503,'2023 Team'!$B$2:$G$33,2,FALSE)) -> 0 | L503: 0
A504: Erik Ezukanma | B504: MIA | C504: WR | D504: 1 | E504: 0 | F504: 0 | H504: 0 | I504: =H504/E504 -> #DIV/0! | J504: =D504/(VLOOKUP(B504,'2023 Team'!$B$2:$G$33,2,FALSE)) -> 0.0017667845 | K504: 0.0 | L504: 0
A505: Justin Fields | B505: CHI | C505: QB | D505: 0 | E505: 0 | F505: 0 | H505: 0 | I505: =H505/E505 -> #DIV/0! | J505: =D505/(VLOOKUP(B505,'2023 Team'!$B$2:$G$33,2,FALSE)) -> 0 | L505: 10
...

Sheet 2022 Receiving
A1: Player | B1: Team | C1: Pos | D1: Tgt | E1: Rec | F1: Yds | G1: Y/R | H1: TD | I1: TD % | J1: Target Share | K1: Ctch% | L1: Fmb
A2: Justin Jefferson | B2: MIN | C2: WR | D2: 184 | E2: 128 | F2: 1809 | G2: 14.1 | H2: 8 | I2: =H2/E2 -> 0.0625 | J2: =D2/(VLOOKUP(B2,'[1]2022 Team'!$B$2:$G$33,2,FALSE)) -> 0.27380952 | K2: 69.6 | L2: 0
A3: Tyreek Hill | B3: MIA | C3: WR | D3: 170 | E3: 119 | F3: 1710 | G3: 14.4 | H3: 7 | I3: =H3/E3 -> 0.058823529 | J3: =D3/(VLOOKUP(B3,'[1]2022 Team'!$B$2:$G$33,2,FALSE)) -> 0.29109589 | K3: 70 | L3: 1
A4: Travis Kelce | B4: KAN | C4: TE | D4: 152 | E4: 110 | F4: 1338 | G4: 12.2 | H4: 12 | I4: =H4/E4 -> 0.10909091 | J4: =D4/(VLOOKUP(B4,'[1]2022 Team'!$B$2:$G$33,2,FALSE)) -> 0.23348694 | K4: 72.4 | L4: 1
A5: Stefon Diggs | B5: BUF | C5: WR | D5: 154 | E5: 108 | F5: 1429 | G5: 13.2 | H5: 11 | I5: =H5/E5 -> 0.10185185 | J5: =D5/(VLOOKUP(B5,'[1]2022 Team'!$B$2:$G$33,2,FALSE)) -> 0.26829268 | K5: 70.1 | L5: 1
A6: Austin Ekeler | B6: LAC | C6: RB | D6: 127 | E6: 107 | F6: 722 | G6: 6.7 | H6: 5 | I6: =H6/E6 -> 0.046728972 | J6: =D6/(VLOOKUP(B6,'[1]2022 Team'!$B$2:$G$33,2,FALSE)) -> 0.17862166 | K6: 84.3 | L6: 5
A7: CeeDee Lamb | B7: DAL | C7: WR | D7: 156 | E7: 107 | F7: 1359 | G7: 12.7 | H7: 9 | I7: =H7/E7 -> 0.08411215 | J7: =D7/(VLOOKUP(B7,'[1]2022 Team'!$B$2:$G$33,2,FALSE)) -> 0.28057554 | K7: 68.6 | L7: 0
A8: Amon-Ra St. Brown | B8: DET | C8: WR | D8: 146 | E8: 106 | F8: 1161 | G8: 11 | H8: 6 | I8: =H8/E8 -> 0.056603774 | J8: =D8/(VLOOKUP(B8,'[1]2022 Team'!$B$2:$G$33,2,FALSE)) -> 0.24829932 | K8: 72.6 | L8: 0
A9: Chris Godwin | B9: TAM | C9: WR | D9: 142 | E9: 104 | F9: 1023 | G9: 9.8 | H9: 3 | I9: =H9/E9 -> 0.028846154 | J9: =D9/(VLOOKUP(B9,'[1]2022 Team'!$B$2:$G$33,2,FALSE)) -> 0.18908123 | K9: 73.2 | L9: 2
A10: Davante Adams | B10: LVR | C10: WR | D10: 180 | E10: 100 | F10: 1516 | G10: 15.2 | H10: 14 | I10: =H10/E10 -> 0.14 | J10: =D10/(VLOOKUP(B10,'[1]2022 Team'!$B$2:$G$33,2,FALSE)) -> 0.30716724 | K10: 55.6 | L10: 1
A11: Michael Pittman Jr. | B11: IND | C11: WR | D11: 141 | E11: 99 | F11: 925 | G11: 9.3 | H11: 4 | I11: =H11/E11 -> 0.04040404 | J11: =D11/(VLOOKUP(B11,'[1]2022 Team'!$B$2:$G$33,2,FALSE)) -> 0.23344371 | K11: 70.2 | L11: 2
A12: DeVonta Smith | B12: PHI | C12: WR | D12: 136 | E12: 95 | F12: 1196 | G12: 12.6 | H12: 7 | I12: =H12/E12 -> 0.073684211 | J12: =D12/(VLOOKUP(B12,'[1]2022 Team'!$B$2:$G$33,2,FALSE)) -> 0.25373134 | K12: 69.9 | L12: 1
A13: D.K. Metcalf | B13: SEA | C13: WR | D13: 141 | E13: 90 | F13: 1048 | G13: 11.6 | H13: 6 | I13: =H13/E13 -> 0.066666667 | J13: =D13/(VLOOKUP(B13,'[1]2022 Team'!$B$2:$G$33,2,FALSE)) -> 0.2460733 | K13: 63.8 | L13: 2
... A182: Eno Benjamin | B182: ARI | C182: RB | D182: 33 | E182: 24 | F182: 184 | G182: 7.7 | H182: 0 | I182: =H182/E182 -> 0 | J182: =D182/(VLOOKUP(B182,'[1]2022 Team'!$B$2:$G$33,2,FALSE)) -> 0.049698795 | K182: 72.7 | L182: 0
A183: Eno Benjamin | B183: HOU | C183: RB | D183: 0 | E183: 0 | F183: 0 | H183: 0 | I183: =H183/E183 -> #DIV/0! | J183: =D183/(VLOOKUP(B183,'[1]2022 Team'!$B$2:$G$33,2,FALSE)) -> 0 | L183: 0
A184: Eno Benjamin | B184: NOR | C184: RB | D184: 1 | E184: 1 | F184: 9 | G184: 9 | H184: 0 | I184: =H184/E184 -> 0 | J184: =D184/(VLOOKUP(B184,'[1]2022 Team'!$B$2:$G$33,2,FALSE)) -> 0.001953125 | K184: 100 | L184: 0
A185: David Bell | B185: CLE | C185: WR | D185: 35 | E185: 24 | F185: 214 | G185: 8.9 | H185: 0 | I185: =H185/E185 -> 0 | J185: =D185/(VLOOKUP(B185,'[1]2022 Team'!$B$2:$G$33,2,FALSE)) -> 0.064814815 | K185: 68.6 | L185: 0
A186: A.J. Green | B186: ARI | C186: WR | D186: 47 | E186: 24 | F186: 236 | G186: 9.8 | H186: 2 | I186: =H186/E186 -> 0.083333333 | J186: =D186/(VLOOKUP(B186,'[1]2022 Team'!$B$2:$G$33,2,FALSE)) -> 0.070783133 | K186: 51.1 | L186: 0
A187: Kendall Hinton | B187: DEN | C187: WR | D187: 33 | E187: 24 | F187: 311 | G187: 13 | H187: 0 | I187: =H187/E187 -> 0 | J187: =D187/(VLOOKUP(B187,'[1]2022 Team'!$B$2:$G$33,2,FALSE)) -> 0.057793345 | K187: 72.7 | L187: 0
A188: Van Jefferson | B188: LAR | C188: WR | D188: 44 | E188: 24 | F188: 369 | G188: 15.4 | H188: 3 | I188: =H188/E188 -> 0.125 | J188: =D188/(VLOOKUP(B188,'[1]2022 Team'!$B$2:$G$33,2,FALSE)) -> 0.082862524 | K188: 54.5 | L188: 0
A189: Julio Jones | B189: TAM | C189: WR | D189: 43 | E189: 24 | F189: 299 | G189: 12.5 | H189: 2 | I189: =H189/E189 -> 0.083333333 | J189: =D189/(VLOOKUP(B189,'[1]2022 Team'!$B$2:$G$33,2,FALSE)) -> 0.057256991 | K189: 55.8 | L189: 0
A190: Brandon Powell | B190: LAR | C190: WR | D190: 32 | E190: 24 | F190: 156 | G190: 6.5 | H190: 0 | I190: =H190/E190 -> 0 | J190: =D190/(VLOOKUP(B190,'[1]2022 Team'!$B$2:$G$33,2,FALSE)) -> 0.060263653 | K190: 75 | L190: 1
A191: Jamal Agnew | B191: JAX | C191: WR | D191: 30 | E191: 23 | F191: 187 | G191: 8.1 | H191: 3 | I191: =H191/E191 -> 0.13043478 | J191: =D191/(VLOOKUP(B191,'[1]2022 Team'!$B$2:$G$33,2,FALSE)) -> 0.05033557 | K191: 76.7 | L191: 0
A192: Kenneth Gainwell | B192: PHI | C192: RB | D192: 29 | E192: 23 | F192: 169 | G192: 7.3 | H192: 0 | I192: =H192/E192 -> 0 | J192: =D192/(VLOOKUP(B192,'[1]2022 Team'!$B$2:$G$33,2,FALSE)) -> 0.054104478 | K192: 79.3 | L192: 0
A193: Scott Miller | B193: TAM | C193: WR | D193: 40 | E193: 23 | F193: 185 | G193: 8 | H193: 0 | I193: =H193/E193 -> 0 | J193: =D193/(VLOOKUP(B193,'[1]2022 Team'!$B$2:$G$33,2,FALSE)) -> 0.053262317 | K193: 57.5 | L193: 0
A194: Wan'Dale Robinson | B194: NYG | C194: WR | D194: 31 | E194: 23 | F194: 227 | G194: 9.9 | H194: 1 | I194: =H194/E194 -> 0.043478261 | J194: =D194/(VLOOKUP(B194,'[1]2022 Team'!$B$2:$G$33,2,FALSE)) -> 0.059615385 | K194: 74.2 | L194: 0
A195: Skyy Moore | B195: KAN | C195: WR | D195: 33 | E195: 22 | F195: 250 | G195: 11.4 | H195: 0 | I195: =H195/E195 -> 0 | J195: =D195/(VLOOKUP(B195,'[1]2022 Team'!$B$2:$G$33,2,FALSE)) -> 0.050691244 | K195: 66.7 | L195: 3
... A266: Damiere Byrd | B266: ATL | C266: WR | D266: 23 | E266: 13 | F266: 268 | G266: 20.6 | H266: 2 | I266: =H266/E266 -> 0.15384615 | J266: =D266/(VLOOKUP(B266,'[1]2022 Team'!$B$2:$G$33,2,FALSE)) -> 0.055421687 | K266: 56.5 | L266: 0
A267: Lawrence Cager | B267: NYJ | C267: WR | D267: 1 | E267: 0 | F267: 0 | H267: 0 | I267: =H267/E267 -> #DIV/0! | J267: =D267/(VLOOKUP(B267,'[1]2022 Team'!$B$2:$G$33,2,FALSE)) -> 0.0015948963 | K267: 0 | L267: 0
A268: Lawrence Cager | B268: NYG | C268: WR | D268: 18 | E268: 13 | F268: 118 | G268: 9.1 | H268: 1 | I268: =H268/E268 -> 0.076923077 | J268: =D268/(VLOOKUP(B268,'[1]2022 Team'!$B$2:$G$33,2,FALSE)) -> 0.034615385 | K268: 72.2 | L268: 0
A269: Josiah Deguara | B269: GNB | C269: TE | D269: 15 | E269: 13 | F269: 114 | G269: 8.8 | H269: 0 | I269: =H269/E269 -> 0 | J269: =D269/(VLOOKUP(B269,'[1]2022 Team'!$B$2:$G$33,2,FALSE)) -> 0.026642984 | K269: 86.7 | L269: 0
A270: KhaDarel Hodge | B270: ATL | C270: WR | D270: 20 | E270: 13 | F270: 202 | G270: 15.5 | H270: 1 | I270: =H270/E270 -> 0.076923077 | J270: =D270/(VLOOKUP(B270,'[1]2022 Team'!$B$2:$G$33,2,FALSE)) -> 0.048192771 | K270: 65 | L270: 0
A271: Zonovan Knight | B271: NYJ | C271: RB | D271: 14 | E271: 13 | F271: 100 | G271: 7.7 | H271: 0 | I271: =H271/E271 -> 0 | J271: =D271/(VLOOKUP(B271,'[1]2022 Team'!$B$2:$G$33,2,FALSE)) -> 0.022328549 | K271: 92.9 | L271: 2
A272: Isiah Pacheco | B272: KAN | C272: RB | D272: 14 | E272: 13 | F272: 130 | G272: 10 | H272: 0 | I272: =H272/E272 -> 0 | J272: =D272/(VLOOKUP(B272,'[1]2022 Team'!$B$2:$G$33,2,FALSE)) -> 0.021505376 | K272: 92.9 | L272: 4
A273: Sterling Shepard | B273: NYG | C273: WR | D273: 24 | E273: 13 | F273: 154 | G273: 11.8 | H273: 1 | I273: =H273/E273 -> 0.076923077 | J273: =D273/(VLOOKUP(B273,'[1]2022 Team'!$B$2:$G$33,2,FALSE)) -> 0.046153846 | K273: 54.2 | L273: 0
A274: Avery Williams | B274: ATL | C274: RB | D274: 14 | E274: 13 | F274: 61 | G274: 4.7 | H274: 0 | I274: =H274/E274 -> 0 | J274: =D274/(VLOOKUP(B274,'[1]2022 Team'!$B$2:$G$33,2,FALSE)) -> 0.03373494 | K274: 92.9 | L274: 1
A275: Connor Heyward | B275: PIT | C275: TE | D275: 17 | E275: 12 | F275: 151 | G275: 12.6 | H275: 1 | I275: =H275/E275 -> 0.083333333 | J275: =D275/(VLOOKUP(B275,'[1]2022 Team'!$B$2:$G$33,2,FALSE)) -> 0.029772329 | K275: 70.6 | L275: 0
A276: Justice Hill | B276: BAL | C276: RB | D276: 12 | E276: 12 | F276: 58 | G276: 4.8 | H276: 0 | I276: =H276/E276 -> 0 | J276: =D276/(VLOOKUP(B276,'[1]2022 Team'!$B$2:$G$33,2,FALSE)) -> 0.024590164 | K276: 100 | L276: 2
A277: Justin Jackson | B277: DET | C277: RB | D277: 19 | E277: 12 | F277: 101 | G277: 8.4 | H277: 1 | I277: =H277/E277 -> 0.083333333 | J277: =D277/(VLOOKUP(B277,'[1]2022 Team'!$B$2:$G$33,2,FALSE)) -> 0.032312925 | K277: 63.2 | L277: 0
A278: Ty Johnson | B278: NYJ | C278: RB | D278: 24 | E278: 12 | F278: 88 | G278: 7.3 | H278: 0 | I278: =H278/E278 -> 0 | J278: =D278/(VLOOKUP(B278,'[1]2022 Team'!$B$2:$G$33,2,FALSE)) -> 0.038277512 | K278: 50 | L278: 0
A279: Geoff Swaim | B279: TEN | C279: TE | D279: 16 | E279: 12 | F279: 58 | G279: 4.8 | H279: 1 | I279: =H279/E279 -> 0.083333333 | J279: =D279/(VLOOKUP(B279,'[1]2022 Team'!$B$2:$G$33,2,FALSE)) -> 0.035087719 | K279: 75 | L279: 0
... A383: Tony Jones | B383: SEA | C383: RB | D383: 6 | E383: 3 | F383: 18 | G383: 6 | H383: 0 | I383: =H383/E383 -> 0 | J383: =D383/(VLOOKUP(B383,'[1]2022 Team'!$B$2:$G$33,2,FALSE)) -> 0.010471204 | K383: 50 | L383: 0
A384: Chris Conley | B384: HOU | C384: WR | D384: 2 | E384: 0 | F384: 0 | H384: 0 | I384: =H384/E384 -> #DIV/0! | J384: =D384/(VLOOKUP(B384,'[1]2022 Team'!$B$2:$G$33,2,FALSE)) -> 0.0034542314 | K384: 0 | L384: 0
A385: Chris Conley | B385: TEN | C385: WR | D385: 5 | E385: 4 | F385: 46 | G385: 11.5 | H385: 0 | I385: =H385/E385 -> 0 | J385: =D385/(VLOOKUP(B385,'[1]2022 Team'!$B$2:$G$33,2,FALSE)) -> 0.010964912 | K385: 80 | L385: 0
A386: Tyler Davis | B386: GNB | C386: TE | D386: 7 | E386: 4 | F386: 26 | G386: 6.5 | H386: 0 | I386: =H386/E386 -> 0 | J386: =D386/(VLOOKUP(B386,'[1]2022 Team'!$B$2:$G$33,2,FALSE)) -> 0.012433393 | K386: 57.1 | L386: 0
A387: Luke Farrell | B387: JAX | C387: TE | D387: 4 | E387: 4 | F387: 40 | G387: 10 | H387: 0 | I387: =H387/E387 -> 0 | J387: =D387/(VLOOKUP(B387,'[1]2022 Team'!$B$2:$G$33,2,FALSE)) -> 0.0067114094 | K387: 100 | L387: 0
A388: Myles Gaskin | B388: MIA | C388: RB | D388: 6 | E388: 4 | F388: 28 | G388: 7 | H388: 0 | I388: =H388/E388 -> 0 | J388: =D388/(VLOOKUP(B388,'[1]2022 Team'!$B$2:$G$33,2,FALSE)) -> 0.010273973 | K388: 66.7 | L388: 0
A389: Ryan Griffin | B389: CHI | C389: TE | D389: 8 | E389: 4 | F389: 26 | G389: 6.5 | H389: 0 | I389: =H389/E389 -> 0 | J389: =D389/(VLOOKUP(B389,'[1]2022 Team'!$B$2:$G$33,2,FALSE)) -> 0.021220159 | K389: 50 | L389: 0
A390: Keaontay Ingram | B390: ARI | C390: RB | D390: 5 | E390: 4 | F390: 21 | G390: 5.3 | H390: 0 | I390: =H390/E390 -> 0 | J390: =D390/(VLOOKUP(B390,'[1]2022 Team'!$B$2:$G$33,2,FALSE)) -> 0.0075301205 | K390: 80 | L390: 0
A391: David Johnson | B391: NOR | C391: RB | D391: 4 | E391: 4 | F391: 47 | G391: 11.8 | H391: 0 | I391: =H391/E391 -> 0 | J391: =D391/(VLOOKUP(B391,'[1]2022 Team'!$B$2:$G$33,2,FALSE)) -> 0.0078125 | K391: 100 | L391: 1
A392: Marcus Jones | B392: NWE | C392: DB | D392: 4 | E392: 4 | F392: 78 | G392: 19.5 | H392: 1 | I392: =H392/E392 -> 0.25 | J392: =D392/(VLOOKUP(B392,'[1]2022 Team'!$B$2:$G$33,2,FALSE)) -> 0.0074074074 | K392: 100 | L392: 1
A393: Charlie Kolar | B393: BAL | C393: TE | D393: 6 | E393: 4 | F393: 49 | G393: 12.3 | H393: 0 | I393: =H393/E393 -> 0 | J393: =D393/(VLOOKUP(B393,'[1]2022 Team'!$B$2:$G$33,2,FALSE)) -> 0.012295082 | K393: 66.7 | L393: 0
A394: Tyler Kroft | B394: SFO | C394: TE | D394: 5 | E394: 4 | F394: 57 | G394: 14.3 | H394: 0 | I394: =H394/E394 -> 0 | J394: =D394/(VLOOKUP(B394,'[1]2022 Team'!$B$2:$G$33,2,FALSE)) -> 0.009765625 | K394: 80 | L394: 0
A395: Jake Kumerow | B395: BUF | C395: WR | D395: 7 | E395: 4 | F395: 64 | G395: 16 | H395: 0 | I395: =H395/E395 -> 0 | J395: =D395/(VLOOKUP(B395,'[1]2022 Team'!$B$2:$G$33,2,FALSE)) -> 0.012195122 | K395: 57.1 | L395: 0
A396: Rashaad Penny | B396: SEA | C396: RB | D396: 5 | E396: 4 | F396: 16 | G396: 4 | H396: 0 | I396: =H396/E396 -> 0 | J396: =D396/(VLOOKUP(B396,'[1]2022 Team'!$B$2:$G$33,2,FALSE)) -> 0.0087260035 | K396: 80 | L396: 1
... A445: Andy Isabella | B445: ARI | C445: WR | D445: 5 | E445: 2 | F445: 21 | G445: 10.5 | H445: 0 | I445: =H445/E445 -> 0 | J445: =D445/(VLOOKUP(B445,'[1]2022 Team'!$B$2:$G$33,2,FALSE)) -> 0.0075301205 | K445: 40 | L445: 0
A446: Andy Isabella | B446: BAL | C446: WR | D446: 0 | E446: 0 | F446: 0 | H446: 0 | I446: =H446/E446 -> #DIV/0! | J446: =D446/(VLOOKUP(B446,'[1]2022 Team'!$B$2:$G$33,2,FALSE)) -> 0 | L446: 0
A447: Cade Johnson | B447: SEA | C447: WR | D447: 4 | E447: 2 | F447: 21 | G447: 10.5 | H447: 0 | I447: =H447/E447 -> 0 | J447: =D447/(VLOOKUP(B447,'[1]2022 Team'!$B$2:$G$33,2,FALSE)) -> 0.0069808028 | K447: 50 | L447: 0
A448: Keith Kirkwood | B448: NOR | C448: WR | D448: 4 | E448: 2 | F448: 18 | G448: 9 | H448: 0 | I448: =H448/E448 -> 0 | J448: =D448/(VLOOKUP(B448,'[1]2022 Team'!$B$2:$G$33,2,FALSE)) -> 0.0078125 | K448: 50 | L448: 0
A449: Anthony McFarland Jr. | B449: PIT | C449: RB | D449: 2 | E449: 2 | F449: 11 | G449: 5.5 | H449: 0 | I449: =H449/E449 -> 0 | J449: =D449/(VLOOKUP(B449,'[1]2022 Team'!$B$2:$G$33,2,FALSE)) -> 0.003502627 | K449: 100 | L449: 0
A450: Sean McKeon | B450: DAL | C450: TE | D450: 3 | E450: 2 | F450: 11 | G450: 5.5 | H450: 0 | I450: =H450/E450 -> 0 | J450: =D450/(VLOOKUP(B450,'[1]2022 Team'!$B$2:$G$33,2,FALSE)) -> 0.0053956835 | K450: 66.7 | L450: 0
A451: Racey McMath | B451: TEN | C451: WR | D451: 8 | E451: 2 | F451: 40 | G451: 20 | H451: 0 | I451: =H451/E451 -> 0 | J451: =D451/(VLOOKUP(B451,'[1]2022 Team'!$B$2:$G$33,2,FALSE)) -> 0.01754386 | K451: 25 | L451: 0
A452: Kene Nwangwu | B452: MIN | C452: RB | D452: 2 | E452: 2 | F452: 21 | G452: 10.5 | H452: 0 | I452: =H452/E452 -> 0 | J452: =D452/(VLOOKUP(B452,'[1]2022 Team'!$B$2:$G$33,2,FALSE)) -> 0.0029761905 | K452: 100 | L452: 0
A453: Dezmon Patmon | B453: IND | C453: WR | D453: 6 | E453: 2 | F453: 24 | G453: 12 | H453: 0 | I453: =H453/E453 -> 0 | J453: =D453/(VLOOKUP(B453,'[1]2022 Team'!$B$2:$G$33,2,FALSE)) -> 0.0099337748 | K453: 33.3 | L453: 0
A454: Larry Rountree | B454: LAC | C454: RB | D454: 2 | E454: 2 | F454: 14 | G454: 7 | H454: 0 | I454: =H454/E454 -> 0 | J454: =D454/(VLOOKUP(B454,'[1]2022 Team'!$B$2:$G$33,2,FALSE)) -> 0.0028129395 | K454: 100 | L454: 0
A455: Drew Sample | B455: CIN | C455: TE | D455: 2 | E455: 2 | F455: -2 | G455: -1 | H455: 0 | I455: =H455/E455 -> 0 | J455: =D455/(VLOOKUP(B455,'[1]2022 Team'!$B$2:$G$33,2,FALSE)) -> 0.0032786885 | K455: 100 | L455: 0
A456: Braylon Sanders | B456: MIA | C456: WR | D456: 3 | E456: 2 | F456: 17 | G456: 8.5 | H456: 0 | I456: =H456/E456 -> 0 | J456: =D456/(VLOOKUP(B456,'[1]2022 Team'!$B$2:$G$33,2,FALSE)) -> 0.0051369863 | K456: 66.7 | L456: 1
A457: Mason Schreck | B457: HOU | C457: TE | D457: 2 | E457: 2 | F457: 6 | G457: 3 | H457: 0 | I457: =H457/E457 -> 0 | J457: =D457/(VLOOKUP(B457,'[1]2022 Team'!$B$2:$G$33,2,FALSE)) -> 0.0034542314 | K457: 100 | L457: 0
A458: Benny Snell Jr. | B458: PIT | C458: RB | D458: 2 | E458: 2 | F458: 17 | G458: 8.5 | H458: 0 | I458: =H458/E458 -> 0 | J458: =D458/(VLOOKUP(B458,'[1]2022 Team'!$B$2:$G$33,2,FALSE)) -> 0.003502627 | K458: 100 | L458: 0
... A512: Bailey Zappe | B512: NWE | C512: QB | D512: 1 | E512: 1 | F512: -6 | G512: -6 | H512: 0 | I512: =H512/E512 -> 0 | J512: =D512/(VLOOKUP(B512,'[1]2022 Team'!$B$2:$G$33,2,FALSE)) -> 0.0018518519 | K512: 100 | L512: 4
A513: Josh Ali | B513: ATL | C513: WR | D513: 1 | E513: 0 | F513: 0 | H513: 0 | I513: =H513/E513 -> #DIV/0! | J513: =D513/(VLOOKUP(B513,'[1]2022 Team'!$B$2:$G$33,2,FALSE)) -> 0.0024096386 | K513: 0 | L513: 0
A514: Brandon Allen | B514: CIN | C514: QB | D514: 0 | E514: 0 | F514: 0 | H514: 0 | I514: =H514/E514 -> #DIV/0! | J514: =D514/(VLOOKUP(B514,'[1]2022 Team'!$B$2:$G$33,2,FALSE)) -> 0 | L514: 0
A515: Josh Allen | B515: BUF | C515: QB | D515: 0 | E515: 0 | F515: 0 | H515: 0 | I515: =H515/E515 -> #DIV/0! | J515: =D515/(VLOOKUP(B515,'[1]2022 Team'!$B$2:$G$33,2,FALSE)) -> 0 | L515: 13
A516: Kyle Allen | B516: HOU | C516: QB | D516: 0 | E516: 0 | F516: 0 | H516: 0 | I516: =H516/E516 -> #DIV/0! | J516: =D516/(VLOOKUP(B516,'[1]2022 Team'!$B$2:$G$33,2,FALSE)) -> 0 | L516: 4
A517: Marcus Allen | B517: PIT | C517: DB | D517: 0 | E517: 0 | F517: 0 | H517: 0 | I517: =H517/E517 -> #DIV/0! | J517: =D517/(VLOOKUP(B517,'[1]2022 Team'!$B$2:$G$33,2,FALSE)) -> 0 | L517: 0
A518: Bryan Anger | B518: DAL | C518: P | D518: 0 | E518: 0 | F518: 0 | H518: 0 | I518: =H518/E518 -> #DIV/0! | J518: =D518/(VLOOKUP(B518,'[1]2022 Team'!$B$2:$G$33,2,FALSE)) -> 0 | L518: 1
A519: David Bakhtiari | B519: GNB | C519: LT | D519: 1 | E519: 0 | F519: 0 | H519: 0 | I519: =H519/E519 -> #DIV/0! | J519: =D519/(VLOOKUP(B519,'[1]2022 Team'!$B$2:$G$33,2,FALSE)) -> 0.0017761989 | K519: 0 | L519: 0
A520: C.J. Beathard | B520: JAX | C520: QB | D520: 0 | E520: 0 | F520: 0 | H520: 0 | I520: =H520/E520 -> #DIV/0! | J520: =D520/(VLOOKUP(B520,'[1]2022 Team'!$B$2:$G$33,2,FALSE)) -> 0 | L520: 0
A521: Nick Bellore | B521: SEA | C521: LB | D521: 0 | E521: 0 | F521: 0 | H521: 0 | I521: =H521/E521 -> #DIV/0! | J521: =D521/(VLOOKUP(B521,'[1]2022 Team'!$B$2:$G$33,2,FALSE)) -> 0 | L521: 0
A522: Khari Blasingame | B522: CHI | C522: FB | D522: 1 | E522: 0 | F522: 0 | H522: 0 | I522: =H522/E522 -> #DIV/0! | J522: =D522/(VLOOKUP(B522,'[1]2022 Team'!$B$2:$G$33,2,FALSE)) -> 0.0026525199 | K522: 0 | L522: 0
A523: David Blough | B523: ARI | C523: QB | D523: 0 | E523: 0 | F523: 0 | H523: 0 | I523: =H523/E523 -> #DIV/0! | J523: =D523/(VLOOKUP(B523,'[1]2022 Team'!$B$2:$G$33,2,FALSE)) -> 0 | L523: 1
A524: Reggie Bonnafon | B524: WAS | C524: LB | D524: 0 | E524: 0 | F524: 0 | H524: 0 | I524: =H524/E524 -> #DIV/0! | J524: =D524/(VLOOKUP(B524,'[1]2022 Team'!$B$2:$G$33,2,FALSE)) -> 0 | L524: 0
A525: Tim Boyle | B525: CHI | C525: QB | D525: 0 | E525: 0 | F525: 0 | H525: 0 | I525: =H525/E525 -> #DIV/0! | J525: =D525/(VLOOKUP(B525,'[1]2022 Team'!$B$2:$G$33,2,FALSE)) -> 0 | L525: 0
A526: Tom Brady | B526: TAM | C526: QB | D526: 1 | E526: 0 | F526: 0 | H526: 0 | I526: =H526/E526 -> #DIV/0! | J526: =D526/(VLOOKUP(B526,'[1]2022 Team'!$B$2:$G$33,2,FALSE)) -> 0.0013315579 | K526: 0 | L526: 5
A527: Teddy Bridgewater | B527: MIA | C527: QB | D527: 0 | E527: 0 | F527: 0 | H527: 0 | I527: =H527/E527 -> #DIV/0! | J527: =D527/(VLOOKUP(B527,'[1]2022 Team'!$B$2:$G$33,2,FALSE)) -> 0 | L527: 0
A528: Jacoby Brissett | B528: CLE | C528: QB | D528: 0 | E528: 0 | F528: 0 | H528: 0 | I528: =H528/E528 -> #DIV/0! | J528: =D528/(VLOOKUP(B528,'[1]2022 Team'!$B$2:$G$33,2,FALSE)) -> 0 | L528: 6
A529: Anthony Brown | B529: BAL | C529: QB | D529: 0 | E529: 0 | F529: 0 | H529: 0 | I529: =H529/E529 -> #DIV/0! | J529: =D529/(VLOOKUP(B529,'[1]2022 Team'!$B$2:$G$33,2,FALSE)) -> 0 | L529: 1
A530: Joe Burrow | B530: CIN | C530: QB | D530: 0 | E530: 0 | F530: 0 | H530: 0 | I530: =H530/E530 -> #DIV/0! | J530: =D530/(VLOOKUP(B530,'[1]2022 Team'!$B$2:$G$33,2,FALSE)) -> 0 | L530: 6
A531: Derek Carr | B531: LVR | C531: QB | D531: 0 | E531: 0 | F531: 0 | H531: 0 | I531: =H531/E531 -> #DIV/0! | J531: =D531/(VLOOKUP(B531,'[1]2022 Team'!$B$2:$G$33,2,FALSE)) -> 0 | L531: 4
A532: Sean Chandler | B532: CAR | C532: S | D532: 0 | E532: 0 | F532: 0 | H532: 0 | I532: =H532/E532 -> #DIV/0! | J532: =D532/(VLOOKUP(B532,'[1]2022 Team'!$B$2:$G$33,2,FALSE)) -> 0 | L532: 0
A533: Ty Chandler | B533: MIN | C533: RB | D533: 0 | E533: 0 | F533: 0 | H533: 0 | I533: =H533/E533 -> #DIV/0! | J533: =D533/(VLOOKUP(B533,'[1]2022 Team'!$B$2:$G$33,2,FALSE)) -> 0 | L533: 0
A534: Jack Conklin | B534: CLE | C534: RT | D534: 1 | E534: 0 | F534: 0 | H534: 0 | I534: =H534/E534 -> #DIV/0! | J534: =D534/(VLOOKUP(B534,'[1]2022 Team'!$B$2:$G$33,2,FALSE)) -> 0.0018518519 | K534: 0 | L534: 0
A535: Snoop Conner | B535: JAX | C535: RB | D535: 0 | E535: 0 | F535: 0 | H535: 0 | I535: =H535/E535 -> #DIV/0! | J535: =D535/(VLOOKUP(B535,'[1]2022 Team'!$B$2:$G$33,2,FALSE)) -> 0 | L535: 0
A536: Tanner Conner | B536: MIA | C536: TE | D536: 3 | E536: 0 | F536: 0 | H536: 0 | I536: =H536/E536 -> #DIV/0! | J536: =D536/(VLOOKUP(B536,'[1]2022 Team'!$B$2:$G$33,2,FALSE)) -> 0.0051369863 | K536: 0 | L536: 0
A537: Kirk Cousins | B537: MIN | C537: QB | D537: 0 | E537: 0 | F537: 0 | H537: 0 | I537: =H537/E537 -> #DIV/0! | J537: =D537/(VLOOKUP(B537,'[1]2022 Team'!$B$2:$G$33,2,FALSE)) -> 0 | L537: 7
A538: Andy Dalton | B538: NOR | C538: QB | D538: 0 | E538: 0 | F538: 0 | H538: 0 | I538: =H538/E538 -> #DIV/0! | J538: =D538/(VLOOKUP(B538,'[1]2022 Team'!$B$2:$G$33,2,FALSE)) -> 0 | L538: 5
A539: Chase Daniel | B539: LAC | C539: QB | D539: 0 | E539: 0 | F539: 0 | H539: 0 | I539: =H539/E539 -> #DIV/0! | J539: =D539/(VLOOKUP(B539,'[1]2022 Team'!$B$2:$G$33,2,FALSE)) -> 0 | L539: 0
A540: Sam Darnold | B540: CAR | C540: QB | D540: 0 | E540: 0 | F540: 0 | H540: 0 | I540: =H540/E540 -> #DIV/0! | J540: =D540/(VLOOKUP(B540,'[1]2022 Team'!$B$2:$G$33,2,FALSE)) -> 0 | L540: 6
A541: Ashtyn Davis | B541: NYJ | C541: S | D541: 0 | E541: 0 | F541: 0 | H541: 0 | I541: =H541/E541 -> #DIV/0! | J541: =D541/(VLOOKUP(B541,'[1]2022 Team'!$B$2:$G$33,2,FALSE)) -> 0 | L541: 0
A542: Tyrion Davis-Price | B542: SFO | C542: RB | D542: 2 | E542: 0 | F542: 0 | H542: 0 | I542: =H542/E542 -> #DIV/0! | J542: =D542/(VLOOKUP(B542,'[1]2022 Team'!$B$2:$G$33,2,FALSE)) -> 0.00390625 | K542: 0 | L542: 0
...

Sheet 2021 Receiving
A1: Player | B1: Team | C1: Pos | D1: Tgt | E1: Rec | F1: Yds | G1: Y/R | H1: TD | I1: TD % | J1: Target Share | K1: Ctch% | L1: Fmb
A2: Cooper Kupp | B2: LAR | C2: WR | D2: 191 | E2: 145 | F2: 1947 | G2: 13.4 | H2: 16 | I2: =H2/E2 -> 0.11034483 | J2: =D2/(VLOOKUP(B2,'[1]2021 Team'!$B$2:$G$33,2,FALSE)) -> 0.31466227 | K2: 75.9 | L2: 0
A3: Davante Adams | B3: GNB | C3: WR | D3: 169 | E3: 123 | F3: 1553 | G3: 12.6 | H3: 11 | I3: =H3/E3 -> 0.089430894 | J3: =D3/(VLOOKUP(B3,'[1]2021 Team'!$B$2:$G$33,2,FALSE)) -> 0.28499157 | K3: 72.8 | L3: 0
A4: Tyreek Hill | B4: KAN | C4: WR | D4: 159 | E4: 111 | F4: 1239 | G4: 11.2 | H4: 9 | I4: =H4/E4 -> 0.081081081 | J4: =D4/(VLOOKUP(B4,'[1]2021 Team'!$B$2:$G$33,2,FALSE)) -> 0.23555556 | K4: 69.8 | L4: 2
A5: Justin Jefferson | B5: MIN | C5: WR | D5: 167 | E5: 108 | F5: 1616 | G5: 15 | H5: 10 | I5: =H5/E5 -> 0.092592593 | J5: =D5/(VLOOKUP(B5,'[1]2021 Team'!$B$2:$G$33,2,FALSE)) -> 0.27649007 | K5: 64.7 | L5: 1
A6: Mark Andrews | B6: BAL | C6: TE | D6: 153 | E6: 107 | F6: 1361 | G6: 12.7 | H6: 9 | I6: =H6/E6 -> 0.08411215 | J6: =D6/(VLOOKUP(B6,'[1]2021 Team'!$B$2:$G$33,2,FALSE)) -> 0.25040917 | K6: 69.9 | L6: 1
A7: Diontae Johnson | B7: PIT | C7: WR | D7: 169 | E7: 107 | F7: 1161 | G7: 10.9 | H7: 8 | I7: =H7/E7 -> 0.074766355 | J7: =D7/(VLOOKUP(B7,'[1]2021 Team'!$B$2:$G$33,2,FALSE)) -> 0.25451807 | K7: 63.3 | L7: 2
A8: Keenan Allen | B8: LAC | C8: WR | D8: 157 | E8: 106 | F8: 1138 | G8: 10.7 | H8: 6 | I8: =H8/E8 -> 0.056603774 | J8: =D8/(VLOOKUP(B8,'[1]2021 Team'!$B$2:$G$33,2,FALSE)) -> 0.23293769 | K8: 67.5 | L8: 1
A9: Jaylen Waddle | B9: MIA | C9: WR | D9: 140 | E9: 104 | F9: 1015 | G9: 9.8 | H9: 6 | I9: =H9/E9 -> 0.057692308 | J9: =D9/(VLOOKUP(B9,'[1]2021 Team'!$B$2:$G$33,2,FALSE)) -> 0.22764228 | K9: 74.3 | L9: 2
A10: Stefon Diggs | B10: BUF | C10: WR | D10: 164 | E10: 103 | F10: 1225 | G10: 11.9 | H10: 10 | I10: =H10/E10 -> 0.097087379 | J10: =D10/(VLOOKUP(B10,'[1]2021 Team'!$B$2:$G$33,2,FALSE)) -> 0.25038168 | K10: 62.8 | L10: 1
A11: Hunter Renfrow | B11: LVR | C11: WR | D11: 128 | E11: 103 | F11: 1038 | G11: 10.1 | H11: 9 | I11: =H11/E11 -> 0.087378641 | J11: =D11/(VLOOKUP(B11,'[1]2021 Team'!$B$2:$G$33,2,FALSE)) -> 0.20382166 | K11: 80.5 | L11: 5
A12: Chris Godwin | B12: TAM | C12: WR | D12: 127 | E12: 98 | F12: 1103 | G12: 11.3 | H12: 5 | I12: =H12/E12 -> 0.051020408 | J12: =D12/(VLOOKUP(B12,'[1]2021 Team'!$B$2:$G$33,2,FALSE)) -> 0.17373461 | K12: 77.2 | L12: 2
A13: D.J. Moore | B13: CAR | C13: WR | D13: 163 | E13: 93 | F13: 1157 | G13: 12.4 | H13: 4 | I13: =H13/E13 -> 0.043010753 | J13: =D13/(VLOOKUP(B13,'[1]2021 Team'!$B$2:$G$33,2,FALSE)) -> 0.2721202 | K13: 57.1 | L13: 1
... A340: Jeff Wilson | B340: SFO | C340: RB | D340: 8 | E340: 7 | F340: 31 | G340: 4.4 | H340: 0 | I340: =H340/E340 -> 0 | J340: =D340/(VLOOKUP(B340,'[1]2021 Team'!$B$2:$G$33,2,FALSE)) -> 0.015564202 | K340: 87.5 | L340: 1
A341: Phillip Dorsett | B341: JAX | C341: WR | D341: 1 | E341: 0 | F341: 0 | H341: 0 | I341: =H341/E341 -> #DIV/0! | J341: =D341/(VLOOKUP(B341,'[1]2021 Team'!$B$2:$G$33,2,FALSE)) -> 0.0016556291 | K341: 0 | L341: 0
A342: Phillip Dorsett | B342: SEA | C342: WR | D342: 1 | E342: 1 | F342: 3 | G342: 3 | H342: 0 | I342: =H342/E342 -> 0 | J342: =D342/(VLOOKUP(B342,'[1]2021 Team'!$B$2:$G$33,2,FALSE)) -> 0.002020202 | K342: 100 | L342: 0
A343: Phillip Dorsett | B343: HOU | C343: WR | D343: 12 | E343: 6 | F343: 107 | G343: 17.8 | H343: 0 | I343: =H343/E343 -> 0 | J343: =D343/(VLOOKUP(B343,'[1]2021 Team'!$B$2:$G$33,2,FALSE)) -> 0.021978022 | K343: 50 | L343: 0
A344: Eno Benjamin | B344: ARI | C344: RB | D344: 7 | E344: 6 | F344: 42 | G344: 7 | H344: 0 | I344: =H344/E344 -> 0 | J344: =D344/(VLOOKUP(B344,'[1]2021 Team'!$B$2:$G$33,2,FALSE)) -> 0.011844332 | K344: 85.7 | L344: 0
A345: Chris Carson | B345: SEA | C345: RB | D345: 6 | E345: 6 | F345: 29 | G345: 4.8 | H345: 0 | I345: =H345/E345 -> 0 | J345: =D345/(VLOOKUP(B345,'[1]2021 Team'!$B$2:$G$33,2,FALSE)) -> 0.012121212 | K345: 100 | L345: 1
A346: Corey Clement | B346: DAL | C346: RB | D346: 7 | E346: 6 | F346: 29 | G346: 4.8 | H346: 1 | I346: =H346/E346 -> 0.16666667 | J346: =D346/(VLOOKUP(B346,'[1]2021 Team'!$B$2:$G$33,2,FALSE)) -> 0.010819165 | K346: 85.7 | L346: 0
A347: Jaelon Darden | B347: TAM | C347: WR | D347: 12 | E347: 6 | F347: 43 | G347: 7.2 | H347: 0 | I347: =H347/E347 -> 0 | J347: =D347/(VLOOKUP(B347,'[1]2021 Team'!$B$2:$G$33,2,FALSE)) -> 0.016415869 | K347: 50 | L347: 0
A348: Tom Kennedy | B348: DET | C348: WR | D348: 10 | E348: 6 | F348: 54 | G348: 9 | H348: 0 | I348: =H348/E348 -> 0 | J348: =D348/(VLOOKUP(B348,'[1]2021 Team'!$B$2:$G$33,2,FALSE)) -> 0.016863406 | K348: 60 | L348: 0
A349: Chris Manhertz | B349: JAX | C349: TE | D349: 9 | E349: 6 | F349: 71 | G349: 11.8 | H349: 1 | I349: =H349/E349 -> 0.16666667 | J349: =D349/(VLOOKUP(B349,'[1]2021 Team'!$B$2:$G$33,2,FALSE)) -> 0.014900662 | K349: 66.7 | L349: 0
A350: Tre' McKitty | B350: LAC | C350: TE | D350: 8 | E350: 6 | F350: 45 | G350: 7.5 | H350: 0 | I350: =H350/E350 -> 0 | J350: =D350/(VLOOKUP(B350,'[1]2021 Team'!$B$2:$G$33,2,FALSE)) -> 0.011869436 | K350: 75 | L350: 0
A351: Rashaad Penny | B351: SEA | C351: RB | D351: 8 | E351: 6 | F351: 48 | G351: 8 | H351: 0 | I351: =H351/E351 -> 0 | J351: =D351/(VLOOKUP(B351,'[1]2021 Team'!$B$2:$G$33,2,FALSE)) -> 0.016161616 | K351: 75 | L351: 0
A352: Curtis Samuel | B352: WAS | C352: WR | D352: 9 | E352: 6 | F352: 27 | G352: 4.5 | H352: 0 | I352: =H352/E352 -> 0 | J352: =D352/(VLOOKUP(B352,'[1]2021 Team'!$B$2:$G$33,2,FALSE)) -> 0.016363636 | K352: 66.7 | L352: 0
A353: Shi Smith | B353: CAR | C353: WR | D353: 11 | E353: 6 | F353: 104 | G353: 17.3 | H353: 0 | I353: =H353/E353 -> 0 | J353: =D353/(VLOOKUP(B353,'[1]2021 Team'!$B$2:$G$33,2,FALSE)) -> 0.01836394 | K353: 54.5 | L353: 0
... A396: Adrian Peterson | B396: TEN | C396: RB | D396: 4 | E396: 4 | F396: 8 | G396: 2 | H396: 0 | I396: =H396/E396 -> 0 | J396: =D396/(VLOOKUP(B396,'[1]2021 Team'!$B$2:$G$33,2,FALSE)) -> 0.0074766355 | K396: 100 | L396: 0
A397: Adrian Peterson | B397: SEA | C397: RB | D397: 0 | E397: 0 | F397: 0 | H397: 0 | I397: =H397/E397 -> #DIV/0! | J397: =D397/(VLOOKUP(B397,'[1]2021 Team'!$B$2:$G$33,2,FALSE)) -> 0 | L397: 1
A398: Amari Rodgers | B398: GNB | C398: WR | D398: 8 | E398: 4 | F398: 45 | G398: 11.3 | H398: 0 | I398: =H398/E398 -> 0 | J398: =D398/(VLOOKUP(B398,'[1]2021 Team'!$B$2:$G$33,2,FALSE)) -> 0.013490725 | K398: 50 | L398: 2
A399: Wendell Smallwood | B399: WAS | C399: RB | D399: 5 | E399: 4 | F399: 22 | G399: 5.5 | H399: 0 | I399: =H399/E399 -> 0 | J399: =D399/(VLOOKUP(B399,'[1]2021 Team'!$B$2:$G$33,2,FALSE)) -> 0.0090909091 | K399: 80 | L399: 0
A400: Jack Stoll | B400: PHI | C400: TE | D400: 5 | E400: 4 | F400: 22 | G400: 5.5 | H400: 0 | I400: =H400/E400 -> 0 | J400: =D400/(VLOOKUP(B400,'[1]2021 Team'!$B$2:$G$33,2,FALSE)) -> 0.010121457 | K400: 80 | L400: 0
A401: J.J. Taylor | B401: NWE | C401: RB | D401: 4 | E401: 4 | F401: 8 | G401: 2 | H401: 0 | I401: =H401/E401 -> 0 | J401: =D401/(VLOOKUP(B401,'[1]2021 Team'!$B$2:$G$33,2,FALSE)) -> 0.0074766355 | K401: 100 | L401: 1
A402: Ke'Shawn Vaughn | B402: TAM | C402: RB | D402: 8 | E402: 4 | F402: 26 | G402: 6.5 | H402: 0 | I402: =H402/E402 -> 0 | J402: =D402/(VLOOKUP(B402,'[1]2021 Team'!$B$2:$G$33,2,FALSE)) -> 0.010943912 | K402: 50 | L402: 0
A403: Kristian Wilkerson | B403: NWE | C403: WR | D403: 8 | E403: 4 | F403: 42 | G403: 10.5 | H403: 2 | I403: =H403/E403 -> 0.5 | J403: =D403/(VLOOKUP(B403,'[1]2021 Team'!$B$2:$G$33,2,FALSE)) -> 0.014953271 | K403: 50 | L403: 0
A404: Jonathan Williams | B404: WAS | C404: RB | D404: 6 | E404: 4 | F404: 28 | G404: 7 | H404: 0 | I404: =H404/E404 -> 0 | J404: =D404/(VLOOKUP(B404,'[1]2021 Team'!$B$2:$G$33,2,FALSE)) -> 0.010909091 | K404: 66.7 | L404: 0
A405: Phillip Lindsay | B405: HOU | C405: RB | D405: 4 | E405: 3 | F405: 37 | G405: 12.3 | H405: 1 | I405: =H405/E405 -> 0.33333333 | J405: =D405/(VLOOKUP(B405,'[1]2021 Team'!$B$2:$G$33,2,FALSE)) -> 0.0073260073 | K405: 75 | L405: 0
A406: Phillip Lindsay | B406: MIA | C406: RB | D406: 1 | E406: 1 | F406: 8 | G406: 8 | H406: 0 | I406: =H406/E406 -> 0 | J406: =D406/(VLOOKUP(B406,'[1]2021 Team'!$B$2:$G$33,2,FALSE)) -> 0.0016260163 | K406: 100 | L406: 0
A407: Willie Snead | B407: LVR | C407: WR | D407: 5 | E407: 3 | F407: 32 | G407: 10.7 | H407: 0 | I407: =H407/E407 -> 0 | J407: =D407/(VLOOKUP(B407,'[1]2021 Team'!$B$2:$G$33,2,FALSE)) -> 0.0079617834 | K407: 60 | L407: 0
A408: Willie Snead | B408: CAR | C408: WR | D408: 3 | E408: 1 | F408: 6 | G408: 6 | H408: 0 | I408: =H408/E408 -> 0 | J408: =D408/(VLOOKUP(B408,'[1]2021 Team'!$B$2:$G$33,2,FALSE)) -> 0.0050083472 | K408: 33.3 | L408: 0
A409: Cam Akers | B409: LAR | C409: RB | D409: 3 | E409: 3 | F409: 10 | G409: 3.3 | H409: 0 | I409: =H409/E409 -> 0 | J409: =D409/(VLOOKUP(B409,'[1]2021 Team'!$B$2:$G$33,2,FALSE)) -> 0.0049423394 | K409: 100 | L409: 0
... A516: Andre Roberts | B516: HOU | C516: WR | D516: 2 | E516: 1 | F516: 35 | G516: 35 | H516: 0 | I516: =H516/E516 -> 0 | J516: =D516/(VLOOKUP(B516,'[1]2021 Team'!$B$2:$G$33,2,FALSE)) -> 0.0036630037 | K516: 50 | L516: 2
A517: Andre Roberts | B517: LAC | C517: WR | D517: 0 | E517: 0 | F517: 0 | H517: 0 | I517: =H517/E517 -> #DIV/0! | J517: =D517/(VLOOKUP(B517,'[1]2021 Team'!$B$2:$G$33,2,FALSE)) -> 0 | L517: 1
A518: Aaron Rodgers | B518: GNB | C518: QB | D518: 1 | E518: 1 | F518: -4 | G518: -4 | H518: 0 | I518: =H518/E518 -> 0 | J518: =D518/(VLOOKUP(B518,'[1]2021 Team'!$B$2:$G$33,2,FALSE)) -> 0.0016863406 | K518: 100 | L518: 3
A519: Larry Rountree | B519: LAC | C519: RB | D519: 2 | E519: 1 | F519: -1 | G519: -1 | H519: 0 | I519: =H519/E519 -> 0 | J519: =D519/(VLOOKUP(B519,'[1]2021 Team'!$B$2:$G$33,2,FALSE)) -> 0.0029673591 | K519: 50 | L519: 0
A520: Diontae Spencer | B520: DEN | C520: WR | D520: 4 | E520: 1 | F520: -3 | G520: -3 | H520: 0 | I520: =H520/E520 -> 0 | J520: =D520/(VLOOKUP(B520,'[1]2021 Team'!$B$2:$G$33,2,FALSE)) -> 0.0073937153 | K520: 25 | L520: 2
A521: Terence Steele | B521: DAL | C521: RT/LT | D521: 1 | E521: 1 | F521: 1 | G521: 1 | H521: 1 | I521: =H521/E521 -> 1 | J521: =D521/(VLOOKUP(B521,'[1]2021 Team'!$B$2:$G$33,2,FALSE)) -> 0.0015455951 | K521: 100 | L521: 0
A522: Andrew Thomas | B522: NYG | C522: LT | D522: 1 | E522: 1 | F522: 2 | G522: 2 | H522: 1 | I522: =H522/E522 -> 1 | J522: =D522/(VLOOKUP(B522,'[1]2021 Team'!$B$2:$G$33,2,FALSE)) -> 0.0016863406 | K522: 100 | L522: 0
A523: Eric Tomlinson | B523: BAL | C523: TE | D523: 1 | E523: 1 | F523: 7 | G523: 7 | H523: 0 | I523: =H523/E523 -> 0 | J523: =D523/(VLOOKUP(B523,'[1]2021 Team'!$B$2:$G$33,2,FALSE)) -> 0.0016366612 | K523: 100 | L523: 0
A524: Kevin White | B524: NOR | C524: WR | D524: 5 | E524: 1 | F524: 38 | G524: 38 | H524: 0 | I524: =H524/E524 -> 0 | J524: =D524/(VLOOKUP(B524,'[1]2021 Team'!$B$2:$G$33,2,FALSE)) -> 0.0099206349 | K524: 20 | L524: 0
A525: Christian Wilkins | B525: MIA | C525: RDE | D525: 1 | E525: 1 | F525: 1 | G525: 1 | H525: 1 | I525: =H525/E525 -> 1 | J525: =D525/(VLOOKUP(B525,'[1]2021 Team'!$B$2:$G$33,2,FALSE)) -> 0.0016260163 | K525: 100 | L525: 1
A526: Seth Williams | B526: DEN | C526: WR | D526: 1 | E526: 1 | F526: 34 | G526: 34 | H526: 0 | I526: =H526/E526 -> 0 | J526: =D526/(VLOOKUP(B526,'[1]2021 Team'!$B$2:$G$33,2,FALSE)) -> 0.0018484288 | K526: 100 | L526: 0
A527: Trayveon Williams | B527: CIN | C527: RB | D527: 2 | E527: 1 | F527: 4 | G527: 4 | H527: 0 | I527: =H527/E527 -> 0 | J527: =D527/(VLOOKUP(B527,'[1]2021 Team'!$B$2:$G$33,2,FALSE)) -> 0.0036036036 | K527: 50 | L527: 0
A528: Easop Winston | B528: NOR | C528: WR | D528: 1 | E528: 1 | F528: 5 | G528: 5 | H528: 0 | I528: =H528/E528 -> 0 | J528: =D528/(VLOOKUP(B528,'[1]2021 Team'!$B$2:$G$33,2,FALSE)) -> 0.001984127 | K528: 100 | L528: 0
A529: Deon Yelder | B529: TAM | C529: TE | D529: 1 | E529: 1 | F529: 0 | G529: 0 | H529: 0 | I529: =H529/E529 -> 0 | J529: =D529/(VLOOKUP(B529,'[1]2021 Team'!$B$2:$G$33,2,FALSE)) -> 0.0013679891 | K529: 100 | L529: 0
A530: Rodney Adams | B530: CHI | C530: WR | D530: 1 | E530: 0 | F530: 0 | H530: 0 | I530: =H530/E530 -> #DIV/0! | J530: =D530/(VLOOKUP(B530,'[1]2021 Team'!$B$2:$G$33,2,FALSE)) -> 0.0018450185 | K530: 0 | L530: 0
A531: Brandon Allen | B531: CIN | C531: QB | D531: 0 | E531: 0 | F531: 0 | H531: 0 | I531: =H531/E531 -> #DIV/0! | J531: =D531/(VLOOKUP(B531,'[1]2021 Team'!$B$2:$G$33,2,FALSE)) -> 0 | L531: 1
A532: Josh Allen | B532: BUF | C532: QB | D532: 0 | E532: 0 | F532: 0 | H532: 0 | I532: =H532/E532 -> #DIV/0! | J532: =D532/(VLOOKUP(B532,'[1]2021 Team'!$B$2:$G$33,2,FALSE)) -> 0 | L532: 8
A533: Kyle Allen | B533: WAS | C533: QB | D533: 0 | E533: 0 | F533: 0 | H533: 0 | I533: =H533/E533 -> #DIV/0! | J533: =D533/(VLOOKUP(B533,'[1]2021 Team'!$B$2:$G$33,2,FALSE)) -> 0 | L533: 1
A534: Geronimo Allison | B534: DET | C534: WR | D534: 2 | E534: 0 | F534: 0 | H534: 0 | I534: =H534/E534 -> #DIV/0! | J534: =D534/(VLOOKUP(B534,'[1]2021 Team'!$B$2:$G$33,2,FALSE)) -> 0.0033726813 | K534: 0 | L534: 0
A535: Alex Bachman | B535: NYG | C535: WR | D535: 0 | E535: 0 | F535: 0 | H535: 0 | I535: =H535/E535 -> #DIV/0! | J535: =D535/(VLOOKUP(B535,'[1]2021 Team'!$B$2:$G$33,2,FALSE)) -> 0 | L535: 0
A536: Kenjon Barner | B536: TAM | C536: RB | D536: 0 | E536: 0 | F536: 0 | H536: 0 | I536: =H536/E536 -> #DIV/0! | J536: =D536/(VLOOKUP(B536,'[1]2021 Team'!$B$2:$G$33,2,FALSE)) -> 0 | L536: 0
A537: C.J. Beathard | B537: JAX | C537: QB | D537: 0 | E537: 0 | F537: 0 | H537: 0 | I537: =H537/E537 -> #DIV/0! | J537: =D537/(VLOOKUP(B537,'[1]2021 Team'!$B$2:$G$33,2,FALSE)) -> 0 | L537: 0
A538: Travis Benjamin | B538: SFO | C538: WR | D538: 5 | E538: 0 | F538: 0 | H538: 0 | I538: =H538/E538 -> #DIV/0! | J538: =D538/(VLOOKUP(B538,'[1]2021 Team'!$B$2:$G$33,2,FALSE)) -> 0.0097276265 | K538: 0 | L538: 1
A539: Kurt Benkert | B539: GNB | C539: QB | D539: 0 | E539: 0 | F539: 0 | H539: 0 | I539: =H539/E539 -> #DIV/0! | J539: =D539/(VLOOKUP(B539,'[1]2021 Team'!$B$2:$G$33,2,FALSE)) -> 0 | L539: 0
A540: David Blough | B540: DET | C540: QB | D540: 0 | E540: 0 | F540: 0 | H540: 0 | I540: =H540/E540 -> #DIV/0! | J540: =D540/(VLOOKUP(B540,'[1]2021 Team'!$B$2:$G$33,2,FALSE)) -> 0 | L540: 1
A541: Ian Book | B541: NOR | C541: QB | D541: 0 | E541: 0 | F541: 0 | H541: 0 | I541: =H541/E541 -> #DIV/0! | J541: =D541/(VLOOKUP(B541,'[1]2021 Team'!$B$2:$G$33,2,FALSE)) -> 0 | L541: 0
A542: Tim Boyle | B542: DET | C542: QB | D542: 0 | E542: 0 | F542: 0 | H542: 0 | I542: =H542/E542 -> #DIV/0! | J542: =D542/(VLOOKUP(B542,'[1]2021 Team'!$B$2:$G$33,2,FALSE)) -> 0 | L542: 1
A543: Darius Bradwell | B543: LAC | C543: FB | D543: 1 | E543: 0 | F543: 0 | H543: 0 | I543: =H543/E543 -> #DIV/0! | J543: =D543/(VLOOKUP(B543,'[1]2021 Team'!$B$2:$G$33,2,FALSE)) -> 0.0014836795 | K543: 0 | L543: 0
A544: Tom Brady | B544: TAM | C544: QB | D544: 0 | E544: 0 | F544: 0 | H544: 0 | I544: =H544/E544 -> #DIV/0! | J544: =D544/(VLOOKUP(B544,'[1]2021 Team'!$B$2:$G$33,2,FALSE)) -> 0 | L544: 4
A545: Teddy Bridgewater | B545: DEN | C545: QB | D545: 0 | E545: 0 | F545: 0 | H545: 0 | I545: =H545/E545 -> #DIV/0! | J545: =D545/(VLOOKUP(B545,'[1]2021 Team'!$B$2:$G$33,2,FALSE)) -> 0 | L545: 1
A546: Jacoby Brissett | B546: MIA | C546: QB | D546: 0 | E546: 0 | F546: 0 | H546: 0 | I546: =H546/E546 -> #DIV/0! | J546: =D546/(VLOOKUP(B546,'[1]2021 Team'!$B$2:$G$33,2,FALSE)) -> 0 | L546: 6
A547: John Brown | B547: DEN | C547: WR | D547: 1 | E547: 0 | F547: 0 | H547: 0 | I547: =H547/E547 -> #DIV/0! | J547: =D547/(VLOOKUP(B547,'[1]2021 Team'!$B$2:$G$33,2,FALSE)) -> 0.0018484288 | K547: 0 | L547: 0
A548: John Brown | B548: JAX | C548: WR | D548: 2 | E548: 0 | F548: 0 | H548: 0 | I548: =H548/E548 -> #DIV/0! | J548: =D548/(VLOOKUP(B548,'[1]2021 Team'!$B$2:$G$33,2,FALSE)) -> 0.0033112583 | K548: 0 | L548: 0
A549: Joe Burrow | B549: CIN | C549: QB | D549: 0 | E549: 0 | F549: 0 | H549: 0 | I549: =H549/E549 -> #DIV/0! | J549: =D549/(VLOOKUP(B549,'[1]2021 Team'!$B$2:$G$33,2,FALSE)) -> 0 | L549: 5
A550: Tevaughn Campbell | B550: LAC | C550: RCB | D550: 1 | E550: 0 | F550: 0 | H550: 0 | I550: =H550/E550 -> #DIV/0! | J550: =D550/(VLOOKUP(B550,'[1]2021 Team'!$B$2:$G$33,2,FALSE)) -> 0.0014836795 | K550: 0 | L550: 0
A551: Trenton Cannon | B551: BAL | C551: RB | D551: 0 | E551: 0 | F551: 0 | H551: 0 | I551: =H551/E551 -> #DIV/0! | J551: =D551/(VLOOKUP(B551,'[1]2021 Team'!$B$2:$G$33,2,FALSE)) -> 0 | L551: 0
A552: Trenton Cannon | B552: SFO | C552: RB | D552: 0 | E552: 0 | F552: 0 | H552: 0 | I552: =H552/E552 -> #DIV/0! | J552: =D552/(VLOOKUP(B552,'[1]2021 Team'!$B$2:$G$33,2,FALSE)) -> 0 | L552: 1
A553: Derek Carr | B553: LVR | C553: QB | D553: 0 | E553: 0 | F553: 0 | H553: 0 | I553: =H553/E553 -> #DIV/0! | J553: =D553/(VLOOKUP(B553,'[1]2021 Team'!$B$2:$G$33,2,FALSE)) -> 0 | L553: 13
A554: Sean Chandler | B554: CAR | C554: SS | D554: 0 | E554: 0 | F554: 0 | H554: 0 | I554: =H554/E554 -> #DIV/0! | J554: =D554/(VLOOKUP(B554,'[1]2021 Team'!$B$2:$G$33,2,FALSE)) -> 0 | L554: 0
A555: Tyrie Cleveland | B555: DEN | C555: WR | D555: 1 | E555: 0 | F555: 0 | H555: 0 | I555: =H555/E555 -> #DIV/0! | J555: =D555/(VLOOKUP(B555,'[1]2021 Team'!$B$2:$G$33,2,FALSE)) -> 0.0018484288 | K555: 0 | L555: 0
A556: Nathan Cottrell | B556: JAX | C556: RB | D556: 0 | E556: 0 | F556: 0 | H556: 0 | I556: =H556/E556 -> #DIV/0! | J556: =D556/(VLOOKUP(B556,'[1]2021 Team'!$B$2:$G$33,2,FALSE)) -> 0 | L556: 0
A557: Isaiah Coulter | B557: CHI | C557: WR | D557: 1 | E557: 0 | F557: 0 | H557: 0 | I557: =H557/E557 -> #DIV/0! | J557: =D557/(VLOOKUP(B557,'[1]2021 Team'!$B$2:$G$33,2,FALSE)) -> 0.0018450185 | K557: 0 | L557: 0
A558: Kirk Cousins | B558: MIN | C558: QB | D558: 0 | E558: 0 | F558: 0 | H558: 0 | I558: =H558/E558 -> #DIV/0! | J558: =D558/(VLOOKUP(B558,'[1]2021 Team'!$B$2:$G$33,2,FALSE)) -> 0 | L558: 12
A559: Damarea Crockett | B559: DEN | C559: RB | D559: 0 | E559: 0 | F559: 0 | H559: 0 | I559: =H559/E559 -> #DIV/0! | J559: =D559/(VLOOKUP(B559,'[1]2021 Team'!$B$2:$G$33,2,FALSE)) -> 0 | L559: 0
A560: Keion Crossen | B560: NYG | C560: DB | D560: 1 | E560: 0 | F560: 0 | H560: 0 | I560: =H560/E560 -> #DIV/0! | J560: =D560/(VLOOKUP(B560,'[1]2021 Team'!$B$2:$G$33,2,FALSE)) -> 0.0016863406 | K560: 0 | L560: 0
A561: Andy Dalton | B561: CHI | C561: QB | D561: 0 | E561: 0 | F561: 0 | H561: 0 | I561: =H561/E561 -> #DIV/0! | J561: =D561/(VLOOKUP(B561,'[1]2021 Team'!$B$2:$G$33,2,FALSE)) -> 0 | L561: 1
A562: Chase Daniel | B562: LAC | C562: QB | D562: 0 | E562: 0 | F562: 0 | H562: 0 | I562: =H562/E562 -> #DIV/0! | J562: =D562/(VLOOKUP(B562,'[1]2021 Team'!$B$2:$G$33,2,FALSE)) -> 0 | L562: 0
A563: Sam Darnold | B563: CAR | C563: QB | D563: 0 | E563: 0 | F563: 0 | H563: 0 | I563: =H563/E563 -> #DIV/0! | J563: =D563/(VLOOKUP(B563,'[1]2021 Team'!$B$2:$G$33,2,FALSE)) -> 0 | L563: 9
A564: Dion Dawkins | B564: BUF | C564: LT | D564: 1 | E564: 0 | F564: 0 | H564: 0 | I564: =H564/E564 -> #DIV/0! | J564: =D564/(VLOOKUP(B564,'[1]2021 Team'!$B$2:$G$33,2,FALSE)) -> 0.0015267176 | K564: 0 | L564: 0
A565: Sam Ehlinger | B565: IND | C565: QB | D565: 0 | E565: 0 | F565: 0 | H565: 0 | I565: =H565/E565 -> #DIV/0! | J565: =D565/(VLOOKUP(B565,'[1]2021 Team'!$B$2:$G$33,2,FALSE)) -> 0 | L565: 0
A566: Ben Ellefson | B566: MIN | C566: TE | D566: 1 | E566: 0 | F566: 0 | H566: 0 | I566: =H566/E566 -> #DIV/0! | J566: =D566/(VLOOKUP(B566,'[1]2021 Team'!$B$2:$G$33,2,FALSE)) -> 0.0016556291 | K566: 0 | L566: 0
A567: Clayton Fejedelem | B567: MIA | C567: DB | D567: 0 | E567: 0 | F567: 0 | H567: 0 | I567: =H567/E567 -> #DIV/0! | J567: =D567/(VLOOKUP(B567,'[1]2021 Team'!$B$2:$G$33,2,FALSE)) -> 0 | L567: 1
A568: Maurice Ffrench | B568: LAC | C568: WR | D568: 0 | E568: 0 | F568: 0 | H568: 0 | I568: =H568/E568 -> #DIV/0! | J568: =D568/(VLOOKUP(B568,'[1]2021 Team'!$B$2:$G$33,2,FALSE)) -> 0 | L568: 0
A569: Justin Fields | B569: CHI | C569: QB | D569: 0 | E569: 0 | F569: 0 | H569: 0 | I569: =H569/E569 -> #DIV/0! | J569: =D569/(VLOOKUP(B569,'[1]2021 Team'!$B$2:$G$33,2,FALSE)) -> 0 | L569: 12
A570: Ryan Fitzpatrick | B570: WAS | C570: QB | D570: 0 | E570: 0 | F570: 0 | H570: 0 | I570: =H570/E570 -> #DIV/0! | J570: =D570/(VLOOKUP(B570,'[1]2021 Team'!$B$2:$G$33,2,FALSE)) -> 0 | L570: 1
A571: Joe Flacco | B571: NYJ | C571: QB | D571: 0 | E571: 0 | F571: 0 | H571: 0 | I571: =H571/E571 -> #DIV/0! | J571: =D571/(VLOOKUP(B571,'[1]2021 Team'!$B$2:$G$33,2,FALSE)) -> 0 | L571: 1
A572: Nick Foles | B572: CHI | C572: QB | D572: 0 | E572: 0 | F572: 0 | H572: 0 | I572: =H572/E572 -> #DIV/0! | J572: =D572/(VLOOKUP(B572,'[1]2021 Team'!$B$2:$G$33,2,FALSE)) -> 0 | L572: 1
A573: Feleipe Franks | B573: ATL | C573: QB | D573: 0 | E573: 0 | F573: 0 | H573: 0 | I573: =H573/E573 -> #DIV/0! | J573: =D573/(VLOOKUP(B573,'[1]2021 Team'!$B$2:$G$33,2,FALSE)) -> 0 | L573: 0
A574: Jake Fromm | B574: NYG | C574: QB | D574: 0 | E574: 0 | F574: 0 | H574: 0 | I574: =H574/E574 -> #DIV/0! | J574: =D574/(VLOOKUP(B574,'[1]2021 Team'!$B$2:$G$33,2,FALSE)) -> 0 | L574: 2
...

Sheet ABB
A1: Team | B1: ABB
A2: Arizona Cardinals | B2: ARI
A3: Atlanta Falcons | B3: ATL
A4: Baltimore Ravens | B4: BAL
A5: Buffalo Bills | B5: BUF
A6: Carolina Panthers | B6: CAR
A7: Chicago Bears | B7: CHI
A8: Cincinnati Bengals | B8: CIN
A9: Cleveland Browns | B9: CLE
A10: Dallas Cowboys | B10: DAL
A11: Denver Broncos | B11: DEN
A12: Detroit Lions | B12: DET
... A33: Washington Commanders | B33: WAS
